"Year";"Commune";"Visitors' country of residence - total Arrivals";"Visitors' country of residence - total Overnight stays"
"2020";"Kloten";63473;87892
"2020";"Opfikon";137720;199904
"2020";"Dübendorf";10412;19165
"2020";"Uster";7175;19473
"2020";"Winterthur";43619;97314
"2020";"Zürich";597660;1117197
"2020";"Wädenswil";4911;8126
"2020";"Horgen";7488;11885
"2020";"Langenthal";10606;17301
"2020";"Bern";216597;356038
"2020";"Köniz";3499;6793
"2020";"Biel/Bienne";27487;48771
"2020";"Burgdorf";15150;22325
"2020";"Adelboden";69387;180612
"2020";"Aeschi bei Spiez";7680;15051
"2020";"Kandersteg";49917;92595
"2020";"Reichenbach im Kandertal";12399;27710
"2020";"Beatenberg";34542;84170
"2020";"Brienz (BE)";38833;68815
"2020";"Grindelwald";177628;404389
"2020";"Interlaken";148541;309615
"2020";"Lauterbrunnen";108286;303786
"2020";"Matten bei Interlaken";15277;33979
"2020";"Unterseen";29047;57270
"2020";"Wilderswil";26960;57367
"2020";"Moutier (BE)";1290;2231
"2020";"Diemtigen";3593;8870
"2020";"Spiez";50131;92759
"2020";"Hasliberg";25051;65698
"2020";"Innertkirchen";13232;20628
"2020";"Meiringen";21663;40300
"2020";"Lenk";51555;115300
"2020";"Saanen";127299;332657
"2020";"Langnau im Emmental";5003;7296
"2020";"Schangnau";13379;16805
"2020";"Sigriswil";42300;130755
"2020";"Thun";55294;84863
"2020";"Herzogenbuchsee";1368;5810
"2020";"Emmen";8778;20547
"2020";"Kriens";28554;45658
"2020";"Luzern";276742;484891
"2020";"Meggen";3782;6789
"2020";"Vitznau";27892;58126
"2020";"Weggis";75366;160549
"2020";"Sursee";10177;20765
"2020";"Andermatt";78098;155814
"2020";"Gurtnellen";3771;4059
"2020";"Einsiedeln";18239;32340
"2020";"Feusisberg";17079;26869
"2020";"Freienbach";16191;26643
"2020";"Küssnacht (SZ)";11356;19431
"2020";"Ingenbohl";24341;47621
"2020";"Morschach";72370;188466
"2020";"Schwyz";8154;15758
"2020";"Engelberg";65678;158528
"2020";"Sachseln";17983;37614
"2020";"Sarnen";19355;43299
"2020";"Beckenried";17635;31365
"2020";"Emmetten";10245;17504
"2020";"Glarus Nord";13823;29027
"2020";"Glarus Süd";28580;64460
"2020";"Unterägeri";5890;10418
"2020";"Zug";21220;58793
"2020";"Haut-Intyamon";1679;3273
"2020";"Bulle";15090;27630
"2020";"Gruyčres";12222;16958
"2020";"Fribourg";33264;57669
"2020";"Murten";19177;32461
"2020";"Plaffeien";10564;20542
"2020";"Egerkingen";23795;38626
"2020";"Grenchen";6118;12576
"2020";"Olten";22673;48077
"2020";"Solothurn";43813;72374
"2020";"Basel";295079;539890
"2020";"Liestal";9125;16469
"2020";"Pratteln";28822;46442
"2020";"Schaffhausen";38995;65974
"2020";"Hundwil";15707;20698
"2020";"Gais";6493;9989
"2020";"Teufen (AR)";3593;8256
"2020";"Heiden";10983;23907
"2020";"Appenzell";30473;51702
"2020";"Gonten";6281;15879
"2020";"St. Gallen";70648;145369
"2020";"Rorschacherberg";15375;27191
"2020";"Altstätten";3363;5491
"2020";"Buchs (SG)";6043;11364
"2020";"Bad Ragaz";48054;123354
"2020";"Flums";8347;14865
"2020";"Quarten";16299;31772
"2020";"Walenstadt";5682;9150
"2020";"Amden";8938;15363
"2020";"Rapperswil-Jona";8589;14110
"2020";"Eschenbach (SG)";644;1720
"2020";"Wildhaus-Alt St. Johann";27712;74070
"2020";"Neckertal";...;...
"2020";"Uzwil";7348;25167
"2020";"Wil (SG)";9162;16191
"2020";"Vaz/Obervaz";103079;286260
"2020";"Surses";18663;44216
"2020";"Poschiavo";28318;57418
"2020";"Laax";47304;198852
"2020";"Vals";35331;70637
"2020";"Lumnezia";5534;11966
"2020";"Ilanz/Glion";8774;19793
"2020";"Rheinwald";9559;18089
"2020";"Flims";85452;231749
"2020";"Zernez";31161;71004
"2020";"Samnaun";42315;145263
"2020";"Scuol";89020;263927
"2020";"Celerina/Schlarigna";34343;108170
"2020";"Pontresina";83836;304733
"2020";"Samedan";17783;44965
"2020";"St. Moritz";164714;574003
"2020";"Bregaglia";21919;53903
"2020";"Val Müstair";26899;56882
"2020";"Davos";246106;670995
"2020";"Klosters";39332;119049
"2020";"Chur";66868;108082
"2020";"Arosa";114892;369506
"2020";"Maienfeld";13287;22020
"2020";"Breil/Brigels";20462;50592
"2020";"Tujetsch";15933;52192
"2020";"Aarau";9261;15378
"2020";"Baden";22242;46786
"2020";"Lenzburg";9033;20676
"2020";"Rheinfelden";3597;9618
"2020";"Zofingen";4167;8727
"2020";"Arbon";12756;21624
"2020";"Frauenfeld";10621;30640
"2020";"Kreuzlingen";18881;34327
"2020";"Bellinzona";45142;75895
"2020";"Ascona";119210;363939
"2020";"Locarno";110044;267108
"2020";"Muralto";38290;88951
"2020";"Lugano";159849;367102
"2020";"Paradiso";69082;144014
"2020";"Collina d'Oro";8639;25638
"2020";"Monteceneri";1351;3080
"2020";"Chiasso";9421;15411
"2020";"Mendrisio";10605;20325
"2020";"Leysin";43762;129325
"2020";"Ollon";25009;59664
"2020";"Ormont-Dessus";14129;32444
"2020";"Bullet";9819;21781
"2020";"Lausanne";217266;443045
"2020";"Bourg-en-Lavaux";12279;20343
"2020";"Morges";14311;26288
"2020";"Nyon";10420;23652
"2020";"Château-d'Oex";6977;12599
"2020";"Le Chenit";8094;12987
"2020";"Montreux";110409;219574
"2020";"Vevey";25327;50548
"2020";"Blonay - Saint-Légier";...;...
"2020";"Yverdon-les-Bains";29644;50247
"2020";"Brig-Glis";56835;131104
"2020";"Nendaz";12816;28122
"2020";"Orsičres";18191;29745
"2020";"Val de Bagnes";...;...
"2020";"Goms";23805;52532
"2020";"Evolčne";16068;29489
"2020";"Leukerbad";84227;190841
"2020";"Martigny";31688;50898
"2020";"Champéry";20950;46996
"2020";"Saint-Maurice";7031;12996
"2020";"Sierre";14247;22413
"2020";"Anniviers";40671;114862
"2020";"Crans-Montana";67107;188323
"2020";"Sion";30645;49297
"2020";"Saas-Fee";92127;274409
"2020";"Saas-Grund";14640;50548
"2020";"Visp";14331;31917
"2020";"Zermatt";352863;997094
"2020";"La Grande Béroche";2007;3411
"2020";"La Chaux-de-Fonds";12676;19485
"2020";"Neuchâtel";56287;91324
"2020";"Laténa";...;...
"2020";"Genčve";325372;708755
"2020";"Lancy";25670;45125
"2020";"Meyrin";84062;140337
"2020";"Vernier";20214;38479
"2020";"Delémont";14379;26403
"2020";"Saignelégier";13616;21988
"2020";"Porrentruy";6227;11365
"2020";"Clos du Doubs";6242;9271
"2020";"Moutier (JU)";...;...
"2021";"Kloten";86050;135607
"2021";"Opfikon";153498;255084
"2021";"Dübendorf";12962;24825
"2021";"Uster";8732;26826
"2021";"Winterthur";56180;109726
"2021";"Zürich";862466;1650531
"2021";"Wädenswil";7711;13605
"2021";"Horgen";5824;10250
"2021";"Langenthal";16578;25915
"2021";"Bern";306656;511474
"2021";"Köniz";4764;9820
"2021";"Biel/Bienne";40039;70864
"2021";"Burgdorf";21348;32404
"2021";"Adelboden";74755;192155
"2021";"Aeschi bei Spiez";8112;18821
"2021";"Kandersteg";56526;106773
"2021";"Reichenbach im Kandertal";14073;33485
"2021";"Beatenberg";41080;99645
"2021";"Brienz (BE)";49798;85784
"2021";"Grindelwald";222128;481566
"2021";"Interlaken";168510;374682
"2021";"Lauterbrunnen";108823;259940
"2021";"Matten bei Interlaken";15180;42146
"2021";"Unterseen";37800;77836
"2021";"Wilderswil";24810;54418
"2021";"Moutier (BE)";1699;2878
"2021";"Diemtigen";4752;11699
"2021";"Spiez";75288;139036
"2021";"Hasliberg";27991;72339
"2021";"Innertkirchen";14795;23538
"2021";"Meiringen";25627;43471
"2021";"Lenk";57429;124946
"2021";"Saanen";165170;388040
"2021";"Langnau im Emmental";6075;9150
"2021";"Schangnau";13988;18049
"2021";"Sigriswil";57673;166768
"2021";"Thun";63410;106736
"2021";"Herzogenbuchsee";2064;5741
"2021";"Emmen";8990;20578
"2021";"Kriens";36446;61540
"2021";"Luzern";340963;619486
"2021";"Meggen";6105;9749
"2021";"Vitznau";37245;70820
"2021";"Weggis";108767;228893
"2021";"Sursee";14507;27628
"2021";"Andermatt";92527;185142
"2021";"Gurtnellen";4994;5502
"2021";"Einsiedeln";22601;42900
"2021";"Feusisberg";28777;46246
"2021";"Freienbach";23557;38413
"2021";"Küssnacht (SZ)";15241;27360
"2021";"Ingenbohl";34778;66408
"2021";"Morschach";105791;269702
"2021";"Schwyz";6624;12666
"2021";"Engelberg";76899;162531
"2021";"Sachseln";24630;48370
"2021";"Sarnen";24596;54921
"2021";"Beckenried";22058;37023
"2021";"Emmetten";16402;27375
"2021";"Glarus Nord";16912;34621
"2021";"Glarus Süd";28687;69721
"2021";"Unterägeri";8484;15267
"2021";"Zug";25474;77524
"2021";"Haut-Intyamon";1295;2082
"2021";"Bulle";23899;37771
"2021";"Gruyčres";15255;22184
"2021";"Fribourg";41072;64161
"2021";"Murten";25339;45409
"2021";"Plaffeien";17193;33430
"2021";"Egerkingen";23873;34903
"2021";"Grenchen";8034;15320
"2021";"Olten";26815;57850
"2021";"Solothurn";56904;89009
"2021";"Basel";437169;776773
"2021";"Liestal";11588;22353
"2021";"Pratteln";33034;53275
"2021";"Schaffhausen";56038;88194
"2021";"Hundwil";21497;28868
"2021";"Gais";7698;11010
"2021";"Teufen (AR)";4282;8807
"2021";"Heiden";16899;35218
"2021";"Appenzell";30746;53549
"2021";"Gonten";8276;19084
"2021";"St. Gallen";95505;187058
"2021";"Rorschacherberg";19668;33157
"2021";"Altstätten";4037;6160
"2021";"Buchs (SG)";9771;31894
"2021";"Bad Ragaz";62461;154289
"2021";"Flums";9284;16678
"2021";"Quarten";23512;45089
"2021";"Walenstadt";5943;11151
"2021";"Amden";9209;16826
"2021";"Rapperswil-Jona";9885;16655
"2021";"Eschenbach (SG)";799;2365
"2021";"Wildhaus-Alt St. Johann";35276;81555
"2021";"Neckertal";...;...
"2021";"Uzwil";8264;28283
"2021";"Wil (SG)";14012;28078
"2021";"Vaz/Obervaz";112959;300977
"2021";"Surses";23051;51783
"2021";"Poschiavo";35353;75672
"2021";"Laax";76291;297584
"2021";"Vals";42698;86132
"2021";"Lumnezia";6209;14419
"2021";"Ilanz/Glion";11250;19740
"2021";"Rheinwald";11458;21501
"2021";"Flims";90787;243033
"2021";"Zernez";32415;75172
"2021";"Samnaun";51011;166225
"2021";"Scuol";94779;271306
"2021";"Celerina/Schlarigna";33578;109548
"2021";"Pontresina";96950;332983
"2021";"Samedan";18679;43396
"2021";"St. Moritz";180399;586198
"2021";"Bregaglia";24920;61249
"2021";"Val Müstair";33969;65298
"2021";"Davos";269912;706743
"2021";"Klosters";47385;129878
"2021";"Chur";78289;130793
"2021";"Arosa";116443;359914
"2021";"Maienfeld";13792;23868
"2021";"Breil/Brigels";19762;54247
"2021";"Tujetsch";15454;41393
"2021";"Aarau";12208;18197
"2021";"Baden";30882;62741
"2021";"Lenzburg";11876;22466
"2021";"Rheinfelden";6221;15343
"2021";"Zofingen";5633;13073
"2021";"Arbon";16342;29044
"2021";"Frauenfeld";11501;33373
"2021";"Kreuzlingen";18303;35281
"2021";"Bellinzona";66634;110081
"2021";"Ascona";178998;549045
"2021";"Locarno";156908;378627
"2021";"Muralto";60592;139685
"2021";"Lugano";264984;587979
"2021";"Paradiso";99640;209359
"2021";"Collina d'Oro";11477;32789
"2021";"Monteceneri";2292;4669
"2021";"Chiasso";15488;22618
"2021";"Mendrisio";20952;37338
"2021";"Leysin";56443;130184
"2021";"Ollon";41453;83489
"2021";"Ormont-Dessus";17144;38349
"2021";"Bullet";13525;27366
"2021";"Lausanne";298481;597123
"2021";"Bourg-en-Lavaux";18405;30569
"2021";"Morges";22537;41672
"2021";"Nyon";14039;32416
"2021";"Château-d'Oex";8466;15941
"2021";"Le Chenit";9818;16008
"2021";"Montreux";163293;329292
"2021";"Vevey";36428;70531
"2021";"Blonay - Saint-Légier";...;...
"2021";"Yverdon-les-Bains";41385;72375
"2021";"Brig-Glis";63235;145521
"2021";"Nendaz";20411;37426
"2021";"Orsičres";30783;43694
"2021";"Val de Bagnes";58479;132633
"2021";"Goms";25197;58217
"2021";"Evolčne";15933;28279
"2021";"Leukerbad";110495;226974
"2021";"Martigny";44331;73700
"2021";"Champéry";25570;51188
"2021";"Saint-Maurice";9691;18245
"2021";"Sierre";17363;31120
"2021";"Anniviers";50584;115156
"2021";"Crans-Montana";80474;205323
"2021";"Sion";39090;63694
"2021";"Saas-Fee";98220;288024
"2021";"Saas-Grund";15848;52391
"2021";"Visp";17104;36030
"2021";"Zermatt";417050;1064727
"2021";"La Grande Béroche";4463;7456
"2021";"La Chaux-de-Fonds";19508;30865
"2021";"Neuchâtel";81057;135451
"2021";"Laténa";...;...
"2021";"Genčve";479801;1102356
"2021";"Lancy";29242;54958
"2021";"Meyrin";92386;139033
"2021";"Vernier";21013;47396
"2021";"Delémont";17900;31824
"2021";"Saignelégier";17284;27636
"2021";"Porrentruy";9766;17222
"2021";"Clos du Doubs";7892;11612
"2021";"Moutier (JU)";...;...
"2022";"Kloten";243430;367999
"2022";"Opfikon";365176;609612
"2022";"Dübendorf";20845;37532
"2022";"Uster";13196;37917
"2022";"Winterthur";90236;165803
"2022";"Zürich";1745522;3284911
"2022";"Wädenswil";7335;12961
"2022";"Horgen";8340;14161
"2022";"Langenthal";20792;31944
"2022";"Bern";472457;820916
"2022";"Köniz";7364;17552
"2022";"Biel/Bienne";52315;87405
"2022";"Burgdorf";23067;34196
"2022";"Adelboden";81453;202890
"2022";"Aeschi bei Spiez";9738;18911
"2022";"Kandersteg";60254;118202
"2022";"Reichenbach im Kandertal";17881;42060
"2022";"Beatenberg";54423;136384
"2022";"Brienz (BE)";54668;94942
"2022";"Grindelwald";311947;709503
"2022";"Interlaken";301678;657435
"2022";"Lauterbrunnen";182551;473170
"2022";"Matten bei Interlaken";20383;51929
"2022";"Unterseen";60443;130480
"2022";"Wilderswil";43448;105497
"2022";"Moutier (BE)";1810;3508
"2022";"Diemtigen";5097;11936
"2022";"Spiez";75573;137930
"2022";"Hasliberg";32876;75985
"2022";"Innertkirchen";17191;27413
"2022";"Meiringen";28813;50384
"2022";"Lenk";56690;122917
"2022";"Saanen";144163;368675
"2022";"Langnau im Emmental";6425;10193
"2022";"Schangnau";7055;9367
"2022";"Sigriswil";54515;157023
"2022";"Thun";72822;126800
"2022";"Herzogenbuchsee";2310;4063
"2022";"Emmen";15245;33225
"2022";"Kriens";68873;118075
"2022";"Luzern";583780;1099435
"2022";"Meggen";7692;13285
"2022";"Vitznau";40930;83587
"2022";"Weggis";94979;214817
"2022";"Sursee";18913;36400
"2022";"Andermatt";88495;183243
"2022";"Gurtnellen";5093;5992
"2022";"Einsiedeln";30047;57217
"2022";"Feusisberg";29659;50578
"2022";"Freienbach";31118;51143
"2022";"Küssnacht (SZ)";19810;33516
"2022";"Ingenbohl";33637;62017
"2022";"Morschach";95116;234655
"2022";"Schwyz";8897;16978
"2022";"Engelberg";116387;254663
"2022";"Sachseln";30844;58306
"2022";"Sarnen";24319;57195
"2022";"Beckenried";23672;38180
"2022";"Emmetten";22059;36168
"2022";"Glarus Nord";28588;58014
"2022";"Glarus Süd";29522;67998
"2022";"Unterägeri";10134;17265
"2022";"Zug";41324;109873
"2022";"Haut-Intyamon";1766;2900
"2022";"Bulle";36822;61337
"2022";"Gruyčres";21207;29208
"2022";"Fribourg";48247;72053
"2022";"Murten";25133;38139
"2022";"Plaffeien";14946;29462
"2022";"Egerkingen";33260;49154
"2022";"Grenchen";9718;18012
"2022";"Olten";37947;72902
"2022";"Solothurn";60363;95393
"2022";"Basel";698372;1289536
"2022";"Liestal";15783;27231
"2022";"Pratteln";48860;78733
"2022";"Schaffhausen";62572;102166
"2022";"Hundwil";21968;28874
"2022";"Gais";7269;11278
"2022";"Teufen (AR)";4172;8362
"2022";"Heiden";11219;21992
"2022";"Appenzell";30886;50425
"2022";"Gonten";7557;19739
"2022";"St. Gallen";143879;265651
"2022";"Rorschacherberg";19122;31280
"2022";"Altstätten";6538;11619
"2022";"Buchs (SG)";13099;34605
"2022";"Bad Ragaz";64857;158596
"2022";"Flums";10174;18682
"2022";"Quarten";30572;59260
"2022";"Walenstadt";6458;11835
"2022";"Amden";10541;19740
"2022";"Rapperswil-Jona";20041;37288
"2022";"Eschenbach (SG)";728;2575
"2022";"Wildhaus-Alt St. Johann";40231;88190
"2022";"Neckertal";...;...
"2022";"Uzwil";11402;38865
"2022";"Wil (SG)";16378;29528
"2022";"Vaz/Obervaz";103768;269326
"2022";"Surses";29718;69211
"2022";"Poschiavo";37232;71400
"2022";"Laax";71409;278037
"2022";"Vals";37136;74108
"2022";"Lumnezia";5558;13215
"2022";"Ilanz/Glion";12799;23629
"2022";"Rheinwald";10688;19409
"2022";"Flims";87615;239623
"2022";"Zernez";33367;67747
"2022";"Samnaun";44936;155643
"2022";"Scuol";91150;263553
"2022";"Celerina/Schlarigna";35930;104839
"2022";"Pontresina";103479;341247
"2022";"Samedan";24556;51652
"2022";"St. Moritz";262542;788114
"2022";"Bregaglia";25713;59814
"2022";"Val Müstair";26092;54721
"2022";"Davos";306648;830116
"2022";"Klosters";52093;150036
"2022";"Chur";122694;191798
"2022";"Arosa";130097;402592
"2022";"Maienfeld";19939;30691
"2022";"Breil/Brigels";17256;44183
"2022";"Tujetsch";19670;54559
"2022";"Aarau";18324;28423
"2022";"Baden";48685;106623
"2022";"Lenzburg";14737;26748
"2022";"Rheinfelden";6841;17920
"2022";"Zofingen";9141;17523
"2022";"Arbon";18880;33647
"2022";"Frauenfeld";13666;33411
"2022";"Kreuzlingen";23835;42645
"2022";"Bellinzona";66599;99223
"2022";"Ascona";153258;449046
"2022";"Locarno";136663;298849
"2022";"Muralto";57899;126550
"2022";"Lugano";279324;563584
"2022";"Paradiso";107474;195031
"2022";"Collina d'Oro";8410;19076
"2022";"Monteceneri";2495;4271
"2022";"Chiasso";15178;28681
"2022";"Mendrisio";26791;45223
"2022";"Leysin";75953;176351
"2022";"Ollon";45958;104951
"2022";"Ormont-Dessus";23764;59304
"2022";"Bullet";10446;22641
"2022";"Lausanne";428445;857058
"2022";"Bourg-en-Lavaux";18137;29448
"2022";"Morges";27924;51860
"2022";"Nyon";28223;59661
"2022";"Château-d'Oex";9480;19420
"2022";"Le Chenit";15224;24513
"2022";"Montreux";218894;427276
"2022";"Vevey";43574;91132
"2022";"Blonay - Saint-Légier";17179;29901
"2022";"Yverdon-les-Bains";44566;75233
"2022";"Brig-Glis";84009;192756
"2022";"Nendaz";17366;32958
"2022";"Orsičres";41725;55327
"2022";"Val de Bagnes";63404;183635
"2022";"Goms";25647;58853
"2022";"Evolčne";20079;35562
"2022";"Leukerbad";102705;214484
"2022";"Martigny";57260;91705
"2022";"Champéry";34706;70231
"2022";"Saint-Maurice";11692;21800
"2022";"Sierre";20452;33990
"2022";"Anniviers";54477;152059
"2022";"Crans-Montana";84008;221562
"2022";"Sion";61762;96331
"2022";"Saas-Fee";86843;262675
"2022";"Saas-Grund";22811;64407
"2022";"Visp";22866;41009
"2022";"Zermatt";581552;1481092
"2022";"La Grande Béroche";7079;12583
"2022";"La Chaux-de-Fonds";17501;27714
"2022";"Neuchâtel";92383;156230
"2022";"Laténa";...;...
"2022";"Genčve";895919;2006611
"2022";"Lancy";46953;93685
"2022";"Meyrin";268412;459373
"2022";"Vernier";46170;84364
"2022";"Delémont";21938;38700
"2022";"Saignelégier";14078;23247
"2022";"Porrentruy";9101;14453
"2022";"Clos du Doubs";6270;10427
"2022";"Moutier (JU)";...;...
"2023";"Kloten";315106;464684
"2023";"Opfikon";465796;742327
"2023";"Dübendorf";25029;46349
"2023";"Uster";15533;45873
"2023";"Winterthur";106438;196959
"2023";"Zürich";2093483;3831641
"2023";"Wädenswil";7475;12367
"2023";"Horgen";8731;14436
"2023";"Langenthal";22351;34649
"2023";"Bern";601276;1044046
"2023";"Köniz";8187;20437
"2023";"Biel/Bienne";62108;99209
"2023";"Burgdorf";23759;35164
"2023";"Adelboden";90906;220370
"2023";"Aeschi bei Spiez";17770;27978
"2023";"Kandersteg";63027;122335
"2023";"Reichenbach im Kandertal";17244;38423
"2023";"Beatenberg";62629;141394
"2023";"Brienz (BE)";66613;112778
"2023";"Grindelwald";381803;830170
"2023";"Interlaken";393194;804544
"2023";"Lauterbrunnen";199318;498608
"2023";"Matten bei Interlaken";25883;61685
"2023";"Unterseen";80248;173959
"2023";"Wilderswil";62038;128554
"2023";"Moutier (BE)";1902;3483
"2023";"Diemtigen";4645;11801
"2023";"Spiez";79488;144834
"2023";"Hasliberg";42506;94259
"2023";"Innertkirchen";18604;28555
"2023";"Meiringen";35216;62711
"2023";"Lenk";57624;118604
"2023";"Saanen";144665;362602
"2023";"Langnau im Emmental";7195;10753
"2023";"Schangnau";7669;10552
"2023";"Sigriswil";55400;119368
"2023";"Thun";85745;149745
"2023";"Herzogenbuchsee";3075;5276
"2023";"Emmen";18158;34236
"2023";"Kriens";82992;142288
"2023";"Luzern";730983;1328369
"2023";"Meggen";9152;15675
"2023";"Vitznau";42120;87486
"2023";"Weggis";96630;212252
"2023";"Sursee";25292;44472
"2023";"Andermatt";70068;152220
"2023";"Gurtnellen";6941;7520
"2023";"Einsiedeln";30685;56070
"2023";"Feusisberg";28365;47499
"2023";"Freienbach";33433;56914
"2023";"Küssnacht (SZ)";24108;38820
"2023";"Ingenbohl";38930;59769
"2023";"Morschach";118836;266958
"2023";"Schwyz";12567;20443
"2023";"Engelberg";151452;324371
"2023";"Sachseln";33282;62966
"2023";"Sarnen";26398;59361
"2023";"Beckenried";24711;41618
"2023";"Emmetten";20300;34619
"2023";"Glarus Nord";35041;71483
"2023";"Glarus Süd";30104;64051
"2023";"Unterägeri";15958;25084
"2023";"Zug";43525;109693
"2023";"Haut-Intyamon";2522;3962
"2023";"Bulle";41405;69291
"2023";"Gruyčres";20149;28122
"2023";"Fribourg";49985;74739
"2023";"Murten";22600;34722
"2023";"Plaffeien";16115;29837
"2023";"Egerkingen";46686;71916
"2023";"Grenchen";9471;18738
"2023";"Olten";45064;78083
"2023";"Solothurn";59600;97637
"2023";"Basel";798666;1463684
"2023";"Liestal";16416;27365
"2023";"Pratteln";45724;82332
"2023";"Schaffhausen";65715;107560
"2023";"Hundwil";20369;26528
"2023";"Gais";9460;13164
"2023";"Teufen (AR)";4129;7589
"2023";"Heiden";15643;29234
"2023";"Appenzell";30428;49049
"2023";"Gonten";9493;20267
"2023";"St. Gallen";154023;293745
"2023";"Rorschacherberg";19013;30405
"2023";"Altstätten";7758;14483
"2023";"Buchs (SG)";15278;32877
"2023";"Bad Ragaz";67259;156942
"2023";"Flums";10912;21159
"2023";"Quarten";31195;58559
"2023";"Walenstadt";6079;9876
"2023";"Amden";9398;18991
"2023";"Rapperswil-Jona";22502;40656
"2023";"Eschenbach (SG)";994;2310
"2023";"Wildhaus-Alt St. Johann";43759;96343
"2023";"Neckertal";6649;16163
"2023";"Uzwil";12018;37719
"2023";"Wil (SG)";20362;34256
"2023";"Vaz/Obervaz";97818;255532
"2023";"Surses";28289;62027
"2023";"Poschiavo";39677;76211
"2023";"Laax";63167;246745
"2023";"Vals";34305;67815
"2023";"Lumnezia";4924;10619
"2023";"Ilanz/Glion";13651;24053
"2023";"Rheinwald";10336;18584
"2023";"Flims";70819;204078
"2023";"Zernez";35560;69210
"2023";"Samnaun";46006;154911
"2023";"Scuol";89747;250306
"2023";"Celerina/Schlarigna";38576;113869
"2023";"Pontresina";108170;347049
"2023";"Samedan";21215;45084
"2023";"St. Moritz";284041;783253
"2023";"Bregaglia";21795;52624
"2023";"Val Müstair";27129;54774
"2023";"Davos";314279;810299
"2023";"Klosters";52077;140162
"2023";"Chur";140285;212188
"2023";"Arosa";132496;403516
"2023";"Maienfeld";20053;32835
"2023";"Breil/Brigels";15153;39119
"2023";"Tujetsch";17191;49968
"2023";"Aarau";21122;33663
"2023";"Baden";58924;128786
"2023";"Lenzburg";16316;28176
"2023";"Rheinfelden";9189;23390
"2023";"Zofingen";10118;18838
"2023";"Arbon";22520;34873
"2023";"Frauenfeld";15454;36221
"2023";"Kreuzlingen";23859;44430
"2023";"Bellinzona";65834;99198
"2023";"Ascona";149023;420261
"2023";"Locarno";127309;275214
"2023";"Muralto";61094;130386
"2023";"Lugano";291796;561421
"2023";"Paradiso";110707;193859
"2023";"Collina d'Oro";6919;16168
"2023";"Monteceneri";2365;4535
"2023";"Chiasso";18234;30233
"2023";"Mendrisio";33564;50403
"2023";"Leysin";68027;194065
"2023";"Ollon";49459;106814
"2023";"Ormont-Dessus";20639;54514
"2023";"Bullet";11062;21974
"2023";"Lausanne";487583;930443
"2023";"Bourg-en-Lavaux";21889;33213
"2023";"Morges";29345;67287
"2023";"Nyon";42530;85536
"2023";"Château-d'Oex";9729;21012
"2023";"Le Chenit";18124;28834
"2023";"Montreux";233331;437085
"2023";"Vevey";52610;103719
"2023";"Blonay - Saint-Légier";26741;42075
"2023";"Yverdon-les-Bains";45104;74201
"2023";"Brig-Glis";96889;213261
"2023";"Nendaz";21711;39436
"2023";"Orsičres";46484;59853
"2023";"Val de Bagnes";65437;173995
"2023";"Goms";23868;50755
"2023";"Evolčne";22001;38444
"2023";"Leukerbad";105865;209030
"2023";"Martigny";59780;90792
"2023";"Champéry";34529;69499
"2023";"Saint-Maurice";12496;22432
"2023";"Sierre";18645;29984
"2023";"Anniviers";58332;171902
"2023";"Crans-Montana";90992;227543
"2023";"Sion";80123;120067
"2023";"Saas-Fee";90201;251484
"2023";"Saas-Grund";22170;64340
"2023";"Visp";25087;44412
"2023";"Zermatt";686821;1632630
"2023";"La Grande Béroche";7735;13201
"2023";"La Chaux-de-Fonds";17067;29221
"2023";"Neuchâtel";94045;158176
"2023";"Laténa";...;...
"2023";"Genčve";1025412;2252671
"2023";"Lancy";54246;107751
"2023";"Meyrin";390383;667886
"2023";"Vernier";105097;195324
"2023";"Delémont";24085;43673
"2023";"Saignelégier";14422;25232
"2023";"Porrentruy";8292;13293
"2023";"Clos du Doubs";6883;10570
"2023";"Moutier (JU)";...;...
"2024";"Kloten";346810;486772
"2024";"Opfikon";512184;800863
"2024";"Dübendorf";22710;43093
"2024";"Uster";15361;46596
"2024";"Winterthur";119697;221329
"2024";"Zürich";2196753;4045928
"2024";"Wädenswil";9127;15775
"2024";"Horgen";16049;29804
"2024";"Langenthal";23261;35349
"2024";"Bern";637901;1100930
"2024";"Köniz";8131;18495
"2024";"Biel/Bienne";71048;116323
"2024";"Burgdorf";21899;32345
"2024";"Adelboden";84726;203384
"2024";"Aeschi bei Spiez";17203;24732
"2024";"Kandersteg";65409;125652
"2024";"Reichenbach im Kandertal";20191;39238
"2024";"Beatenberg";63731;142409
"2024";"Brienz (BE)";63483;116470
"2024";"Grindelwald";382618;826466
"2024";"Interlaken";421727;867786
"2024";"Lauterbrunnen";198359;500405
"2024";"Matten bei Interlaken";26586;61388
"2024";"Unterseen";86967;191477
"2024";"Wilderswil";59445;124719
"2024";"Moutier (BE)";1760;3176
"2024";"Diemtigen";4479;10192
"2024";"Spiez";79451;147878
"2024";"Hasliberg";38613;88768
"2024";"Innertkirchen";17296;27430
"2024";"Meiringen";49364;84269
"2024";"Lenk";60229;124090
"2024";"Saanen";135382;339100
"2024";"Langnau im Emmental";7149;10851
"2024";"Schangnau";11876;15526
"2024";"Sigriswil";50976;113031
"2024";"Thun";102011;174100
"2024";"Herzogenbuchsee";3349;5381
"2024";"Emmen";17240;35073
"2024";"Kriens";78442;137113
"2024";"Luzern";791261;1412735
"2024";"Meggen";8971;15751
"2024";"Vitznau";42246;89562
"2024";"Weggis";93514;200213
"2024";"Sursee";30262;45337
"2024";"Andermatt";66728;141591
"2024";"Gurtnellen";7284;7910
"2024";"Einsiedeln";34499;59757
"2024";"Feusisberg";34271;59848
"2024";"Freienbach";32808;56594
"2024";"Küssnacht (SZ)";23451;40918
"2024";"Ingenbohl";36869;58658
"2024";"Morschach";121559;272628
"2024";"Schwyz";13486;21107
"2024";"Engelberg";152101;328506
"2024";"Sachseln";34506;66463
"2024";"Sarnen";25581;54880
"2024";"Beckenried";25003;42020
"2024";"Emmetten";23976;40417
"2024";"Glarus Nord";35901;76054
"2024";"Glarus Süd";28436;60499
"2024";"Unterägeri";13348;23900
"2024";"Zug";42935;113242
"2024";"Haut-Intyamon";2669;4248
"2024";"Bulle";47451;76731
"2024";"Gruyčres";20956;28333
"2024";"Fribourg";46596;70473
"2024";"Murten";19289;29664
"2024";"Plaffeien";15263;27558
"2024";"Egerkingen";51535;75921
"2024";"Grenchen";9284;17707
"2024";"Olten";45695;74237
"2024";"Solothurn";60038;97634
"2024";"Basel";850259;1543941
"2024";"Liestal";15733;25575
"2024";"Pratteln";56658;90016
"2024";"Schaffhausen";69005;111361
"2024";"Hundwil";18163;23848
"2024";"Gais";8213;11530
"2024";"Teufen (AR)";4983;8857
"2024";"Heiden";14369;29193
"2024";"Appenzell";30559;49013
"2024";"Gonten";10076;23532
"2024";"St. Gallen";162123;304036
"2024";"Rorschacherberg";18714;29073
"2024";"Altstätten";5834;11259
"2024";"Buchs (SG)";17852;32716
"2024";"Bad Ragaz";60010;147321
"2024";"Flums";10541;21295
"2024";"Quarten";30627;61001
"2024";"Walenstadt";7239;11705
"2024";"Amden";11163;20354
"2024";"Rapperswil-Jona";23240;41636
"2024";"Eschenbach (SG)";1233;1949
"2024";"Wildhaus-Alt St. Johann";43273;93468
"2024";"Neckertal";7738;19971
"2024";"Uzwil";11731;38835
"2024";"Wil (SG)";20955;34450
"2024";"Vaz/Obervaz";104372;263555
"2024";"Surses";32186;69864
"2024";"Poschiavo";38464;71680
"2024";"Laax";61425;254402
"2024";"Vals";33087;65426
"2024";"Lumnezia";5306;12150
"2024";"Ilanz/Glion";13060;22667
"2024";"Rheinwald";11049;19189
"2024";"Flims";66983;194020
"2024";"Zernez";35556;69849
"2024";"Samnaun";47356;157719
"2024";"Scuol";91825;260041
"2024";"Celerina/Schlarigna";42449;119055
"2024";"Pontresina";119372;381487
"2024";"Samedan";20191;42880
"2024";"St. Moritz";294744;768053
"2024";"Bregaglia";22307;54029
"2024";"Val Müstair";24250;54202
"2024";"Davos";323506;820728
"2024";"Klosters";54426;150865
"2024";"Chur";152499;231708
"2024";"Arosa";136999;430599
"2024";"Maienfeld";21767;38078
"2024";"Breil/Brigels";13790;36727
"2024";"Tujetsch";16539;49058
"2024";"Aarau";19753;31404
"2024";"Baden";59504;124580
"2024";"Lenzburg";16692;29879
"2024";"Rheinfelden";10611;25136
"2024";"Zofingen";10876;23348
"2024";"Arbon";28327;42836
"2024";"Frauenfeld";13895;31924
"2024";"Kreuzlingen";23229;41629
"2024";"Bellinzona";61680;89486
"2024";"Ascona";149957;421254
"2024";"Locarno";130766;275713
"2024";"Muralto";66048;136229
"2024";"Lugano";292195;549241
"2024";"Paradiso";111734;192741
"2024";"Collina d'Oro";4121;10580
"2024";"Monteceneri";1821;2913
"2024";"Chiasso";19207;29938
"2024";"Mendrisio";33820;49920
"2024";"Leysin";67481;185262
"2024";"Ollon";46190;104836
"2024";"Ormont-Dessus";18838;51634
"2024";"Bullet";9951;20425
"2024";"Lausanne";495118;971781
"2024";"Bourg-en-Lavaux";20090;31790
"2024";"Morges";32246;64932
"2024";"Nyon";42228;82498
"2024";"Château-d'Oex";10024;21514
"2024";"Le Chenit";17144;26669
"2024";"Montreux";237150;446412
"2024";"Vevey";52262;103668
"2024";"Blonay - Saint-Légier";26487;39405
"2024";"Yverdon-les-Bains";42128;67259
"2024";"Brig-Glis";94778;200751
"2024";"Nendaz";21604;39434
"2024";"Orsičres";49849;63863
"2024";"Val de Bagnes";63591;166817
"2024";"Goms";23685;52669
"2024";"Evolčne";21899;39143
"2024";"Leukerbad";103319;205990
"2024";"Martigny";61408;94716
"2024";"Champéry";30967;70319
"2024";"Saint-Maurice";10803;20359
"2024";"Sierre";13032;25218
"2024";"Anniviers";58528;170739
"2024";"Crans-Montana";85219;206972
"2024";"Sion";76769;115054
"2024";"Saas-Fee";82955;236162
"2024";"Saas-Grund";19123;55321
"2024";"Visp";26236;46101
"2024";"Zermatt";680112;1640200
"2024";"La Grande Béroche";6728;11944
"2024";"La Chaux-de-Fonds";19149;31897
"2024";"Neuchâtel";90650;154511
"2024";"Laténa";...;...
"2024";"Genčve";1092146;2339075
"2024";"Lancy";60717;110498
"2024";"Meyrin";432831;701707
"2024";"Vernier";150646;315474
"2024";"Delémont";23429;41028
"2024";"Saignelégier";14121;22025
"2024";"Porrentruy";9023;14801
"2024";"Clos du Doubs";8650;13236
"2024";"Moutier (JU)";...;...
