"Year";"Month";"Commune";"Establishments";"Rooms";"Beds";"Arrivals";"Overnight stays";"Room nights";"Room occupancy";"Bed occupancy"
"2020";"Total of the year";"Kloten";3.33;550.92;874.79;63473.00;87892.00;63301.00;32.14;28.18
"2020";"Total of the year";"Opfikon";7.83;1687.15;2672.75;137720.00;199904.00;149431.00;24.61;20.86
"2020";"Total of the year";"D?bendorf";5.83;158.17;227.33;10412.00;19165.00;15055.00;28.78;25.43
"2020";"Total of the year";"Uster";5.83;180.41;315.41;7175.00;19473.00;15050.00;24.09;17.84
"2020";"Total of the year";"Winterthur";15.25;630.19;1202.59;43619.00;97314.00;73058.00;33.43;23.43
"2020";"Total of the year";"Z?rich";108.42;7731.23;14340.93;597660.00;1117197.00;767672.00;27.96;21.93
"2020";"Total of the year";"W?denswil";3.58;57.95;98.49;4911.00;8126.00;5838.00;29.19;23.89
"2020";"Total of the year";"Horgen";4.75;174.61;257.60;7488.00;11885.00;8848.00;14.08;12.79
"2020";"Total of the year";"Langenthal";5.92;199.44;378.62;10606.00;17301.00;13338.00;19.13;13.04
"2020";"Total of the year";"Bern";33.58;2142.82;3900.82;216597.00;356038.00;245563.00;32.29;25.60
"2020";"Total of the year";"K?niz";5.08;66.84;152.02;3499.00;6793.00;4541.00;20.17;13.04
"2020";"Total of the year";"Biel/Bienne";6.58;314.06;478.55;27487.00;48771.00;38467.00;35.22;29.39
"2020";"Total of the year";"Burgdorf";4.33;93.47;202.83;15150.00;22325.00;12906.00;40.14;31.66
"2020";"Total of the year";"Adelboden";16.42;591.58;1195.28;69387.00;180612.00;98614.00;49.89;45.10
"2020";"Total of the year";"Aeschi bei Spiez";5.25;94.52;188.86;7680.00;15051.00;8608.00;25.90;22.61
"2020";"Total of the year";"Kandersteg";15.50;344.95;672.12;49917.00;92595.00;54573.00;44.41;38.66
"2020";"Total of the year";"Reichenbach im Kandertal";6.83;136.96;352.14;12399.00;27710.00;15801.00;32.54;22.25
"2020";"Total of the year";"Beatenberg";9.58;275.14;687.60;34542.00;84170.00;43115.00;44.01;34.23
"2020";"Total of the year";"Brienz (BE)";11.42;260.30;551.39;38833.00;68815.00;37065.00;41.10;36.04
"2020";"Total of the year";"Grindelwald";40.42;1278.05;2798.61;177628.00;404389.00;211233.00;49.84;43.42
"2020";"Total of the year";"Interlaken";26.08;1401.98;2861.98;148541.00;309615.00;180311.00;36.85;30.94
"2020";"Total of the year";"Lauterbrunnen";36.92;1240.61;2489.13;108286.00;303786.00;172858.00;42.44;37.08
"2020";"Total of the year";"Matten bei Interlaken";5.08;174.92;344.96;15277.00;33979.00;19440.00;33.14;30.19
"2020";"Total of the year";"Unterseen";9.92;307.02;646.05;29047.00;57270.00;32510.00;30.68;25.66
"2020";"Total of the year";"Wilderswil";9.75;300.52;624.99;26960.00;57367.00;34137.00;32.75;26.48
"2020";"Total of the year";"Moutier (BE)";3.83;42.44;74.72;1290.00;2231.00;1728.00;12.08;8.98
"2020";"Total of the year";"Diemtigen";6.50;83.86;207.20;3593.00;8870.00;4217.00;17.86;15.17
"2020";"Total of the year";"Spiez";11.92;367.01;640.90;50131.00;92759.00;59044.00;44.60;40.10
"2020";"Total of the year";"Hasliberg";9.50;303.86;616.29;25051.00;65698.00;36421.00;36.22;32.05
"2020";"Total of the year";"Innertkirchen";7.33;130.83;296.64;13232.00;20628.00;12071.00;27.95;20.91
"2020";"Total of the year";"Meiringen";9.42;218.08;531.64;21663.00;40300.00;23303.00;31.28;22.24
"2020";"Total of the year";"Lenk";13.75;401.30;758.34;51555.00;115300.00;67370.00;50.63;45.48
"2020";"Total of the year";"Saanen";27.17;964.64;2034.49;127299.00;332657.00;187519.00;58.06;49.09
"2020";"Total of the year";"Langnau im Emmental";4.25;48.24;93.90;5003.00;7296.00;4940.00;29.07;22.06
"2020";"Total of the year";"Schangnau";3.75;55.18;107.77;13379.00;16805.00;9214.00;50.96;47.55
"2020";"Total of the year";"Sigriswil";8.58;369.76;622.17;42300.00;130755.00;86232.00;67.07;60.76
"2020";"Total of the year";"Thun";14.42;394.78;657.68;55294.00;84863.00;58542.00;43.43;37.47
"2020";"Total of the year";"Herzogenbuchsee";3.83;43.00;67.00;1368.00;5810.00;5111.00;34.29;25.17
"2020";"Total of the year";"Emmen";5.00;223.82;349.45;8778.00;20547.00;16574.00;20.50;16.28
"2020";"Total of the year";"Kriens";3.58;218.87;465.79;28554.00;45658.00;24691.00;32.77;28.40
"2020";"Total of the year";"Luzern";48.50;2675.69;5228.30;276742.00;484891.00;299102.00;31.68;26.26
"2020";"Total of the year";"Meggen";4.00;38.50;70.98;3782.00;6789.00;4610.00;34.13;27.36
"2020";"Total of the year";"Vitznau";7.33;233.51;483.77;27892.00;58126.00;33561.00;41.92;35.05
"2020";"Total of the year";"Weggis";20.50;750.59;1313.08;75366.00;160549.00;101230.00;38.39;34.90
"2020";"Total of the year";"Sursee";5.67;144.58;251.93;10177.00;20765.00;15957.00;31.12;23.41
"2020";"Total of the year";"Andermatt";12.33;479.83;977.63;78098.00;155814.00;91766.00;54.94;45.84
"2020";"Total of the year";"Gurtnellen";3.67;27.13;88.05;3771.00;4059.00;1824.00;25.23;16.52
"2020";"Total of the year";"Einsiedeln";9.50;240.67;425.85;18239.00;32340.00;20506.00;24.88;22.17
"2020";"Total of the year";"Feusisberg";4.83;213.14;410.46;17079.00;26869.00;18023.00;25.22;19.53
"2020";"Total of the year";"Freienbach";5.67;227.08;377.64;16191.00;26643.00;19468.00;24.06;19.79
"2020";"Total of the year";"K?ssnacht (SZ)";4.67;119.51;223.43;11356.00;19431.00;13253.00;31.35;24.55
"2020";"Total of the year";"Ingenbohl";4.67;196.13;358.37;24341.00;47621.00;31640.00;45.25;37.28
"2020";"Total of the year";"Morschach";7.42;303.26;659.66;72370.00;188466.00;64174.00;61.51;85.82
"2020";"Total of the year";"Schwyz";8.08;110.23;256.22;8154.00;15758.00;9377.00;24.84;18.27
"2020";"Total of the year";"Engelberg";19.00;681.40;1368.37;65678.00;158528.00;91856.00;39.98;34.30
"2020";"Total of the year";"Sachseln";7.50;231.54;455.35;17983.00;37614.00;22576.00;29.91;25.40
"2020";"Total of the year";"Sarnen";6.83;206.18;351.55;19355.00;43299.00;29470.00;39.62;34.17
"2020";"Total of the year";"Beckenried";4.83;99.82;238.18;17635.00;31365.00;16775.00;46.27;36.23
"2020";"Total of the year";"Emmetten";4.58;162.26;352.84;10245.00;17504.00;10813.00;19.10;14.49
"2020";"Total of the year";"Glarus Nord";9.00;197.54;434.11;13823.00;29027.00;18852.00;26.93;18.97
"2020";"Total of the year";"Glarus S?d";19.08;300.23;676.98;28580.00;64460.00;28361.00;30.01;30.50
"2020";"Total of the year";"Unter?geri";3.92;101.44;176.61;5890.00;10418.00;7020.00;19.28;16.44
"2020";"Total of the year";"Zug";8.75;443.66;744.22;21220.00;58793.00;44365.00;27.98;22.08
"2020";"Total of the year";"Haut-Intyamon";3.67;34.49;67.24;1679.00;3273.00;2216.00;18.44;14.05
"2020";"Total of the year";"Bulle";4.67;154.80;324.45;15090.00;27630.00;19273.00;35.35;24.20
"2020";"Total of the year";"Gruy?res";5.50;84.51;221.39;12222.00;16958.00;9878.00;35.33;23.66
"2020";"Total of the year";"Fribourg";6.50;302.95;608.50;33264.00;57669.00;39062.00;37.08;27.16
"2020";"Total of the year";"Murten";7.17;145.93;267.36;19177.00;32461.00;20899.00;41.57;35.24
"2020";"Total of the year";"Plaffeien";4.50;85.67;223.83;10564.00;20542.00;10603.00;40.52;29.97
"2020";"Total of the year";"Egerkingen";3.92;211.27;378.19;23795.00;38626.00;27758.00;36.07;28.05
"2020";"Total of the year";"Grenchen";4.75;87.15;160.65;6118.00;12576.00;9982.00;31.50;21.53
"2020";"Total of the year";"Olten";7.67;276.26;515.67;22673.00;48077.00;35452.00;36.04;26.18
"2020";"Total of the year";"Solothurn";11.00;321.50;610.01;43813.00;72374.00;48310.00;41.41;32.72
"2020";"Total of the year";"Basel";52.67;3852.19;7576.80;295079.00;539890.00;392723.00;28.86;20.17
"2020";"Total of the year";"Liestal";4.92;155.95;275.82;9125.00;16469.00;13066.00;23.61;16.86
"2020";"Total of the year";"Pratteln";4.50;242.72;541.30;28822.00;46442.00;30144.00;34.69;24.04
"2020";"Total of the year";"Schaffhausen";9.83;321.19;604.33;38995.00;65974.00;44117.00;41.69;33.13
"2020";"Total of the year";"Hundwil";3.33;75.93;169.06;15707.00;20698.00;12802.00;50.50;36.78
"2020";"Total of the year";"Gais";4.92;180.58;271.34;6493.00;9989.00;6658.00;10.19;10.21
"2020";"Total of the year";"Teufen (AR)";4.00;45.00;81.00;3593.00;8256.00;5761.00;35.24;28.05
"2020";"Total of the year";"Heiden";4.25;86.14;146.01;10983.00;23907.00;15730.00;55.02;48.95
"2020";"Total of the year";"Appenzell";9.58;194.78;414.31;30473.00;51702.00;30321.00;46.80;37.60
"2020";"Total of the year";"Gonten";4.33;53.85;114.53;6281.00;15879.00;10350.00;54.25;39.70
"2020";"Total of the year";"St. Gallen";19.25;800.18;1485.13;70648.00;145369.00;105395.00;37.07;27.51
"2020";"Total of the year";"Rorschacherberg";3.00;103.00;188.00;15375.00;27191.00;18314.00;51.15;41.64
"2020";"Total of the year";"Altst?tten";3.00;79.00;147.00;3363.00;5491.00;3870.00;13.68;10.45
"2020";"Total of the year";"Buchs (SG)";4.75;137.90;217.69;6043.00;11364.00;8402.00;17.19;14.89
"2020";"Total of the year";"Bad Ragaz";10.25;451.49;914.68;48054.00;123354.00;78174.00;48.76;37.92
"2020";"Total of the year";"Flums";6.42;109.32;206.86;8347.00;14865.00;9619.00;26.92;22.22
"2020";"Total of the year";"Quarten";9.67;192.48;451.73;16299.00;31772.00;17854.00;26.94;20.25
"2020";"Total of the year";"Walenstadt";4.50;66.17;130.11;5682.00;9150.00;5914.00;25.95;20.49
"2020";"Total of the year";"Amden";7.50;98.19;214.05;8938.00;15363.00;9166.00;31.55;24.61
"2020";"Total of the year";"Rapperswil-Jona";4.42;90.77;159.70;8589.00;14110.00;10460.00;32.25;24.76
"2020";"Total of the year";"Eschenbach (SG)";3.83;20.83;39.67;644.00;1720.00;1117.00;15.40;12.42
"2020";"Total of the year";"Wildhaus-Alt St. Johann";18.58;434.17;957.08;27712.00;74070.00;43619.00;29.16;22.51
"2020";"Total of the year";"Neckertal";...;...;...;...;...;...;...;...
"2020";"Total of the year";"Uzwil";7.67;184.56;309.07;7348.00;25167.00;17948.00;26.57;22.25
"2020";"Total of the year";"Wil (SG)";3.92;118.49;212.24;9162.00;16191.00;11864.00;27.57;20.98
"2020";"Total of the year";"Vaz/Obervaz";16.25;738.20;1654.87;103079.00;286260.00;146590.00;59.16;51.23
"2020";"Total of the year";"Surses";11.42;327.78;741.38;18663.00;44216.00;25274.00;23.47;18.69
"2020";"Total of the year";"Poschiavo";16.75;237.07;497.73;28318.00;57418.00;33781.00;44.04;35.78
"2020";"Total of the year";"Laax";7.92;472.77;1580.09;47304.00;198852.00;84523.00;60.03;41.17
"2020";"Total of the year";"Vals";10.08;224.73;449.14;35331.00;70637.00;39543.00;58.30;52.10
"2020";"Total of the year";"Lumnezia";7.08;74.30;181.11;5534.00;11966.00;6592.00;28.50;20.96
"2020";"Total of the year";"Ilanz/Glion";6.33;108.81;182.87;8774.00;19793.00;12802.00;32.94;30.50
"2020";"Total of the year";"Rheinwald";5.92;85.43;177.27;9559.00;18089.00;11128.00;37.78;29.56
"2020";"Total of the year";"Flims";16.17;694.21;1463.25;85452.00;231749.00;126536.00;53.79;46.75
"2020";"Total of the year";"Zernez";10.83;280.70;586.32;31161.00;71004.00;39917.00;43.53;36.90
"2020";"Total of the year";"Samnaun";21.92;462.21;965.96;42315.00;145263.00;80878.00;55.06;47.46
"2020";"Total of the year";"Scuol";33.33;755.42;1581.96;89020.00;263927.00;144074.00;57.18;50.00
"2020";"Total of the year";"Celerina/Schlarigna";8.92;386.11;783.48;34343.00;108170.00;58157.00;42.86;39.09
"2020";"Total of the year";"Pontresina";14.33;751.26;1530.72;83836.00;304733.00;166841.00;67.69;60.83
"2020";"Total of the year";"Samedan";8.17;157.83;393.03;17783.00;44965.00;25702.00;46.77;32.87
"2020";"Total of the year";"St. Moritz";28.17;2160.09;4171.22;164714.00;574003.00;334121.00;47.41;41.86
"2020";"Total of the year";"Bregaglia";15.00;245.84;585.93;21919.00;53903.00;28775.00;33.58;26.14
"2020";"Total of the year";"Val M?stair";13.42;210.44;428.89;26899.00;56882.00;34210.00;51.20;41.61
"2020";"Total of the year";"Davos";47.50;2770.02;5483.39;246106.00;670995.00;392371.00;42.29;36.56
"2020";"Total of the year";"Klosters";19.50;481.48;1065.73;39332.00;119049.00;64079.00;40.73;34.06
"2020";"Total of the year";"Chur";15.50;558.57;1033.28;66868.00;108082.00;73011.00;35.83;28.66
"2020";"Total of the year";"Arosa";31.00;1195.34;2411.46;114892.00;369506.00;199513.00;54.20;49.77
"2020";"Total of the year";"Maienfeld";5.00;124.00;243.00;13287.00;22020.00;16125.00;36.44;25.38
"2020";"Total of the year";"Breil/Brigels";10.83;179.67;389.71;20462.00;50592.00;27047.00;46.73;40.38
"2020";"Total of the year";"Tujetsch";9.25;143.35;422.49;15933.00;52192.00;23565.00;49.92;36.89
"2020";"Total of the year";"Aarau";3.92;127.98;219.63;9261.00;15378.00;10887.00;23.96;19.65
"2020";"Total of the year";"Baden";8.67;429.60;687.88;22242.00;46786.00;38208.00;25.26;19.43
"2020";"Total of the year";"Lenzburg";4.50;135.37;217.90;9033.00;20676.00;16752.00;35.89;27.61
"2020";"Total of the year";"Rheinfelden";3.00;52.33;91.67;3597.00;9618.00;6614.00;34.53;28.67
"2020";"Total of the year";"Zofingen";3.00;96.98;142.34;4167.00;8727.00;7658.00;21.77;16.90
"2020";"Total of the year";"Arbon";6.67;98.77;177.10;12756.00;21624.00;14073.00;42.58;36.52
"2020";"Total of the year";"Frauenfeld";5.92;199.26;370.85;10621.00;30640.00;23239.00;32.48;22.98
"2020";"Total of the year";"Kreuzlingen";7.17;152.34;294.27;18881.00;34327.00;22038.00;42.83;34.54
"2020";"Total of the year";"Bellinzona";15.17;430.14;854.83;45142.00;75895.00;50799.00;33.39;25.08
"2020";"Total of the year";"Ascona";24.25;949.98;1787.30;119210.00;363939.00;192128.00;60.40;60.85
"2020";"Total of the year";"Locarno";24.50;758.20;1616.27;110044.00;267108.00;140396.00;55.28;49.53
"2020";"Total of the year";"Muralto";11.58;295.99;568.08;38290.00;88951.00;52000.00;50.93;45.39
"2020";"Total of the year";"Lugano";34.17;1508.15;2818.31;159849.00;367102.00;222099.00;42.39;37.54
"2020";"Total of the year";"Paradiso";8.08;467.42;998.15;69082.00;144014.00;83174.00;50.07;40.46
"2020";"Total of the year";"Collina d'Oro";5.17;101.88;212.77;8639.00;25638.00;14419.00;40.43;34.50
"2020";"Total of the year";"Monteceneri";3.67;34.89;65.18;1351.00;3080.00;2060.00;17.24;13.89
"2020";"Total of the year";"Chiasso";3.42;116.68;257.04;9421.00;15411.00;10533.00;25.55;16.86
"2020";"Total of the year";"Mendrisio";7.50;189.99;391.49;10605.00;20325.00;13457.00;19.61;14.37
"2020";"Total of the year";"Leysin";4.42;298.05;816.32;43762.00;129325.00;55950.00;63.57;52.41
"2020";"Total of the year";"Ollon";6.42;291.48;648.09;25009.00;59664.00;31432.00;35.27;30.86
"2020";"Total of the year";"Ormont-Dessus";5.00;186.89;378.78;14129.00;32444.00;18469.00;32.62;28.24
"2020";"Total of the year";"Bullet";3.67;77.07;169.98;9819.00;21781.00;13033.00;54.86;42.72
"2020";"Total of the year";"Lausanne";33.25;2706.84;4748.66;217266.00;443045.00;298770.00;31.24;26.35
"2020";"Total of the year";"Bourg-en-Lavaux";3.92;82.16;150.98;12279.00;20343.00;13634.00;46.91;38.10
"2020";"Total of the year";"Morges";5.67;160.99;307.47;14311.00;26288.00;18812.00;34.92;25.49
"2020";"Total of the year";"Nyon";6.50;203.87;376.26;10420.00;23652.00;17306.00;25.10;18.51
"2020";"Total of the year";"Ch?teau-d'Oex";4.67;92.64;172.10;6977.00;12599.00;8270.00;25.39;20.80
"2020";"Total of the year";"Le Chenit";4.42;81.77;176.79;8094.00;12987.00;8238.00;29.53;21.48
"2020";"Total of the year";"Montreux";18.50;1249.63;2245.67;110409.00;219574.00;135211.00;31.50;28.58
"2020";"Total of the year";"Vevey";9.67;370.39;603.03;25327.00;50548.00;33263.00;25.32;23.77
"2020";"Total of the year";"Blonay - Saint-L?gier";...;...;...;...;...;...;...;...
"2020";"Total of the year";"Yverdon-les-Bains";3.67;216.31;417.80;29644.00;50247.00;30981.00;44.16;37.08
"2020";"Total of the year";"Brig-Glis";12.50;495.70;941.47;56835.00;131104.00;85448.00;49.94;40.28
"2020";"Total of the year";"Nendaz";6.25;82.75;181.41;12816.00;28122.00;15024.00;53.79;45.87
"2020";"Total of the year";"Orsi?res";12.58;200.25;482.85;18191.00;29745.00;16541.00;27.04;20.44
"2020";"Total of the year";"Val de Bagnes";...;...;...;...;...;...;...;...
"2020";"Total of the year";"Goms";9.83;188.90;384.90;23805.00;52532.00;30583.00;50.43;42.58
"2020";"Total of the year";"Evol?ne";10.67;156.72;326.49;16068.00;29489.00;17147.00;35.33;29.05
"2020";"Total of the year";"Leukerbad";19.92;650.33;1232.41;84227.00;190841.00;105753.00;50.71;48.31
"2020";"Total of the year";"Martigny";8.33;344.84;618.73;31688.00;50898.00;35452.00;29.85;23.89
"2020";"Total of the year";"Champ?ry";8.42;237.32;496.00;20950.00;46996.00;25397.00;31.93;28.57
"2020";"Total of the year";"Saint-Maurice";3.00;90.00;156.00;7031.00;12996.00;10275.00;32.05;23.30
"2020";"Total of the year";"Sierre";5.17;127.79;256.74;14247.00;22413.00;14711.00;34.37;26.11
"2020";"Total of the year";"Anniviers";16.58;330.62;788.99;40671.00;114862.00;60021.00;58.00;46.60
"2020";"Total of the year";"Crans-Montana";19.92;733.55;1575.74;67107.00;188323.00;102264.00;43.91;37.59
"2020";"Total of the year";"Sion";5.00;189.00;351.75;30645.00;49297.00;34109.00;52.75;41.00
"2020";"Total of the year";"Saas-Fee";30.83;814.04;1721.11;92127.00;274409.00;148984.00;56.60;49.28
"2020";"Total of the year";"Saas-Grund";9.50;198.27;384.87;14640.00;50548.00;29078.00;43.59;38.88
"2020";"Total of the year";"Visp";3.92;129.66;240.70;14331.00;31917.00;24295.00;52.89;37.46
"2020";"Total of the year";"Zermatt";82.67;2677.63;5471.49;352863.00;997094.00;528816.00;62.03;56.92
"2020";"Total of the year";"La Grande B?roche";3.75;30.75;53.75;2007.00;3411.00;2106.00;19.16;17.81
"2020";"Total of the year";"La Chaux-de-Fonds";6.25;174.37;287.06;12676.00;19485.00;14435.00;22.83;18.79
"2020";"Total of the year";"Neuch?tel";10.92;377.56;657.10;56287.00;91324.00;58725.00;43.65;39.05
"2020";"Total of the year";"Lat?na";...;...;...;...;...;...;...;...
"2020";"Total of the year";"Gen?ve";69.75;5422.48;8823.92;325372.00;708755.00;531265.00;27.41;22.51
"2020";"Total of the year";"Lancy";3.08;317.28;671.58;25670.00;45125.00;30184.00;26.30;18.53
"2020";"Total of the year";"Meyrin";7.75;1222.92;1792.56;84062.00;140337.00;112936.00;26.93;22.79
"2020";"Total of the year";"Vernier";3.58;268.25;572.25;20214.00;38479.00;23078.00;23.51;18.37
"2020";"Total of the year";"Del?mont";8.67;191.66;378.75;14379.00;26403.00;20379.00;29.88;19.57
"2020";"Total of the year";"Saignel?gier";5.08;83.55;180.54;13616.00;21988.00;12743.00;45.37;36.37
"2020";"Total of the year";"Porrentruy";6.58;73.99;130.74;6227.00;11365.00;7721.00;30.66;25.50
"2020";"Total of the year";"Clos du Doubs";5.67;50.37;115.23;6242.00;9271.00;5442.00;34.58;25.77
"2020";"Total of the year";"Moutier (JU)";...;...;...;...;...;...;...;...
"2021";"Total of the year";"Kloten";5.00;868.00;1467.00;86050.00;135607.00;96927.00;30.59;25.32
"2021";"Total of the year";"Opfikon";10.00;2096.00;3485.00;153498.00;255084.00;194724.00;25.66;20.24
"2021";"Total of the year";"D?bendorf";6.00;171.00;239.00;12962.00;24825.00;19849.00;33.42;30.01
"2021";"Total of the year";"Uster";6.00;190.00;334.00;8732.00;26826.00;18891.00;27.82;22.45
"2021";"Total of the year";"Winterthur";17.00;702.00;1328.00;56180.00;109726.00;78762.00;31.05;22.84
"2021";"Total of the year";"Z?rich";109.00;7806.00;14898.00;862466.00;1650531.00;1075567.00;38.32;30.80
"2021";"Total of the year";"W?denswil";4.00;69.00;117.00;7711.00;13605.00;9725.00;39.58;32.64
"2021";"Total of the year";"Horgen";4.00;114.00;167.00;5824.00;10250.00;7652.00;19.34;17.48
"2021";"Total of the year";"Langenthal";6.00;198.00;385.00;16578.00;25915.00;19902.00;28.21;18.88
"2021";"Total of the year";"Bern";34.00;2297.00;4101.00;306656.00;511474.00;345890.00;41.97;34.77
"2021";"Total of the year";"K?niz";5.00;66.00;146.00;4764.00;9820.00;6123.00;26.88;19.57
"2021";"Total of the year";"Biel/Bienne";7.00;338.00;517.00;40039.00;70864.00;55402.00;45.11;37.77
"2021";"Total of the year";"Burgdorf";4.00;96.00;235.00;21348.00;32404.00;18351.00;55.02;39.63
"2021";"Total of the year";"Adelboden";17.00;651.00;1328.00;74755.00;192155.00;104136.00;47.92;43.42
"2021";"Total of the year";"Aeschi bei Spiez";5.00;95.00;190.00;8112.00;18821.00;9822.00;29.25;28.01
"2021";"Total of the year";"Kandersteg";16.00;351.00;690.00;56526.00;106773.00;62378.00;49.98;43.45
"2021";"Total of the year";"Reichenbach im Kandertal";8.00;157.00;406.00;14073.00;33485.00;19153.00;34.36;23.42
"2021";"Total of the year";"Beatenberg";11.00;272.00;686.00;41080.00;99645.00;49053.00;51.93;41.95
"2021";"Total of the year";"Brienz (BE)";12.00;277.00;605.00;49798.00;85784.00;48285.00;50.46;41.17
"2021";"Total of the year";"Grindelwald";45.00;1492.00;3266.00;222128.00;481566.00;253496.00;49.90;43.42
"2021";"Total of the year";"Interlaken";26.00;1416.00;2931.00;168510.00;374682.00;214745.00;43.51;36.72
"2021";"Total of the year";"Lauterbrunnen";41.00;1317.00;2734.00;108823.00;259940.00;140771.00;32.55;28.92
"2021";"Total of the year";"Matten bei Interlaken";6.00;195.00;385.00;15180.00;42146.00;23367.00;33.90;31.15
"2021";"Total of the year";"Unterseen";10.00;292.00;648.00;37800.00;77836.00;42218.00;41.50;34.47
"2021";"Total of the year";"Wilderswil";10.00;322.00;680.00;24810.00;54418.00;32546.00;28.34;22.45
"2021";"Total of the year";"Moutier (BE)";4.00;44.00;78.00;1699.00;2878.00;2122.00;13.66;10.49
"2021";"Total of the year";"Diemtigen";7.00;91.00;230.00;4752.00;11699.00;6124.00;22.39;16.34
"2021";"Total of the year";"Spiez";13.00;418.00;725.00;75288.00;139036.00;86912.00;58.02;53.52
"2021";"Total of the year";"Hasliberg";10.00;332.00;666.00;27991.00;72339.00;39577.00;34.85;31.86
"2021";"Total of the year";"Innertkirchen";8.00;138.00;326.00;14795.00;23538.00;13719.00;31.81;23.21
"2021";"Total of the year";"Meiringen";9.00;225.00;547.00;25627.00;43471.00;24389.00;31.63;22.97
"2021";"Total of the year";"Lenk";14.00;419.00;804.00;57429.00;124946.00;72934.00;52.39;46.37
"2021";"Total of the year";"Saanen";30.00;1124.00;2345.00;165170.00;388040.00;221862.00;58.89;49.55
"2021";"Total of the year";"Langnau im Emmental";4.00;47.00;92.00;6075.00;9150.00;6181.00;36.18;27.37
"2021";"Total of the year";"Schangnau";4.00;59.00;118.00;13988.00;18049.00;10720.00;51.91;43.42
"2021";"Total of the year";"Sigriswil";9.00;403.00;664.00;57673.00;166768.00;107016.00;73.95;70.11
"2021";"Total of the year";"Thun";15.00;435.00;716.00;63410.00;106736.00;73715.00;47.92;42.04
"2021";"Total of the year";"Herzogenbuchsee";4.00;44.00;70.00;2064.00;5741.00;4809.00;31.53;24.04
"2021";"Total of the year";"Emmen";5.00;289.00;398.00;8990.00;20578.00;17060.00;16.28;14.29
"2021";"Total of the year";"Kriens";4.00;205.00;442.00;36446.00;61540.00;32482.00;45.26;39.73
"2021";"Total of the year";"Luzern";49.00;2746.00;5357.00;340963.00;619486.00;380363.00;39.05;32.58
"2021";"Total of the year";"Meggen";4.00;42.00;76.00;6105.00;9749.00;5454.00;35.79;35.37
"2021";"Total of the year";"Vitznau";7.00;236.00;468.00;37245.00;70820.00;43365.00;53.03;43.45
"2021";"Total of the year";"Weggis";23.00;884.00;1567.00;108767.00;228893.00;140772.00;45.18;41.51
"2021";"Total of the year";"Sursee";6.00;147.00;259.00;14507.00;27628.00;19752.00;37.49;29.82
"2021";"Total of the year";"Andermatt";14.00;522.00;1062.00;92527.00;185142.00;104498.00;58.05;50.89
"2021";"Total of the year";"Gurtnellen";4.00;32.00;102.00;4994.00;5502.00;2524.00;23.61;16.09
"2021";"Total of the year";"Einsiedeln";9.00;233.00;522.00;22601.00;42900.00;27053.00;32.65;22.99
"2021";"Total of the year";"Feusisberg";5.00;215.00;419.00;28777.00;46246.00;30134.00;38.55;30.29
"2021";"Total of the year";"Freienbach";6.00;228.00;378.00;23557.00;38413.00;27365.00;32.95;27.86
"2021";"Total of the year";"K?ssnacht (SZ)";5.00;118.00;220.00;15241.00;27360.00;18051.00;43.11;35.21
"2021";"Total of the year";"Ingenbohl";5.00;216.00;403.00;34778.00;66408.00;40447.00;51.74;45.59
"2021";"Total of the year";"Morschach";8.00;308.00;638.00;105791.00;269702.00;77702.00;70.81;119.66
"2021";"Total of the year";"Schwyz";8.00;84.00;198.00;6624.00;12666.00;8059.00;28.96;19.95
"2021";"Total of the year";"Engelberg";20.00;753.00;1487.00;76899.00;162531.00;94298.00;36.07;31.45
"2021";"Total of the year";"Sachseln";8.00;246.00;457.00;24630.00;48370.00;29206.00;34.15;30.50
"2021";"Total of the year";"Sarnen";7.00;204.00;348.00;24596.00;54921.00;37719.00;51.10;43.65
"2021";"Total of the year";"Beckenried";5.00;100.00;240.00;22058.00;37023.00;19907.00;56.33;44.66
"2021";"Total of the year";"Emmetten";5.00;166.00;363.00;16402.00;27375.00;15808.00;27.24;21.85
"2021";"Total of the year";"Glarus Nord";9.00;199.00;443.00;16912.00;34621.00;22917.00;32.41;22.01
"2021";"Total of the year";"Glarus S?d";18.00;291.00;645.00;28687.00;69721.00;31339.00;31.97;32.19
"2021";"Total of the year";"Unter?geri";4.00;106.00;185.00;8484.00;15267.00;10498.00;27.12;22.71
"2021";"Total of the year";"Zug";8.00;411.00;688.00;25474.00;77524.00;58527.00;39.24;31.06
"2021";"Total of the year";"Haut-Intyamon";3.00;32.00;63.00;1295.00;2082.00;1483.00;13.49;9.57
"2021";"Total of the year";"Bulle";5.00;180.00;376.00;23899.00;37771.00;25060.00;38.35;27.69
"2021";"Total of the year";"Gruy?res";5.00;84.00;222.00;15255.00;22184.00;12277.00;41.20;28.16
"2021";"Total of the year";"Fribourg";7.00;256.00;512.00;41072.00;64161.00;44923.00;48.46;34.56
"2021";"Total of the year";"Murten";7.00;145.00;266.00;25339.00;45409.00;29122.00;56.65;48.19
"2021";"Total of the year";"Plaffeien";5.00;98.00;260.00;17193.00;33430.00;16834.00;48.60;36.34
"2021";"Total of the year";"Egerkingen";4.00;222.00;401.00;23873.00;34903.00;24395.00;30.17;23.95
"2021";"Total of the year";"Grenchen";5.00;91.00;185.00;8034.00;15320.00;11507.00;34.67;22.72
"2021";"Total of the year";"Olten";7.00;268.00;486.00;26815.00;57850.00;43574.00;44.74;32.77
"2021";"Total of the year";"Solothurn";10.00;307.00;586.00;56904.00;89009.00;57836.00;51.74;41.78
"2021";"Total of the year";"Basel";54.00;4021.00;8025.00;437169.00;776773.00;512589.00;35.66;27.07
"2021";"Total of the year";"Liestal";5.00;150.00;263.00;11588.00;22353.00;18786.00;35.47;24.05
"2021";"Total of the year";"Pratteln";5.00;288.00;644.00;33034.00;53275.00;33570.00;32.09;22.73
"2021";"Total of the year";"Schaffhausen";10.00;363.00;690.00;56038.00;88194.00;57627.00;44.99;36.17
"2021";"Total of the year";"Hundwil";4.00;78.00;177.00;21497.00;28868.00;17618.00;63.02;45.12
"2021";"Total of the year";"Gais";5.00;178.00;269.00;7698.00;11010.00;7294.00;11.24;11.24
"2021";"Total of the year";"Teufen (AR)";4.00;42.00;74.00;4282.00;8807.00;5988.00;40.01;33.02
"2021";"Total of the year";"Heiden";4.00;95.00;174.00;16899.00;35218.00;22454.00;66.27;56.40
"2021";"Total of the year";"Appenzell";10.00;206.00;448.00;30746.00;53549.00;32117.00;46.51;35.65
"2021";"Total of the year";"Gonten";5.00;68.00;126.00;8276.00;19084.00;12646.00;53.83;44.45
"2021";"Total of the year";"St. Gallen";20.00;876.00;1647.00;95505.00;187058.00;133625.00;42.22;31.37
"2021";"Total of the year";"Rorschacherberg";3.00;104.00;188.00;19668.00;33157.00;21901.00;60.73;50.89
"2021";"Total of the year";"Altst?tten";3.00;79.00;148.00;4037.00;6160.00;4285.00;14.87;11.48
"2021";"Total of the year";"Buchs (SG)";6.00;163.00;278.00;9771.00;31894.00;22974.00;39.09;32.19
"2021";"Total of the year";"Bad Ragaz";12.00;461.00;953.00;62461.00;154289.00;96070.00;57.84;45.05
"2021";"Total of the year";"Flums";6.00;106.00;205.00;9284.00;16678.00;10894.00;33.08;26.37
"2021";"Total of the year";"Quarten";10.00;217.00;499.00;23512.00;45089.00;23203.00;30.28;25.63
"2021";"Total of the year";"Walenstadt";5.00;68.00;132.00;5943.00;11151.00;7221.00;31.30;24.85
"2021";"Total of the year";"Amden";7.00;95.00;209.00;9209.00;16826.00;9819.00;33.11;25.43
"2021";"Total of the year";"Rapperswil-Jona";5.00;92.00;161.00;9885.00;16655.00;12344.00;36.80;28.38
"2021";"Total of the year";"Eschenbach (SG)";4.00;20.00;37.00;799.00;2365.00;1474.00;21.06;17.76
"2021";"Total of the year";"Wildhaus-Alt St. Johann";19.00;446.00;983.00;35276.00;81555.00;46981.00;30.57;24.24
"2021";"Total of the year";"Neckertal";...;...;...;...;...;...;...;...
"2021";"Total of the year";"Uzwil";8.00;165.00;312.00;8264.00;28283.00;20421.00;33.92;24.85
"2021";"Total of the year";"Wil (SG)";4.00;118.00;212.00;14012.00;28078.00;21199.00;49.38;36.47
"2021";"Total of the year";"Vaz/Obervaz";17.00;800.00;1802.00;112959.00;300977.00;154509.00;58.41;50.50
"2021";"Total of the year";"Surses";13.00;335.00;772.00;23051.00;51783.00;28941.00;25.73;20.34
"2021";"Total of the year";"Poschiavo";19.00;268.00;563.00;35353.00;75672.00;42774.00;44.58;37.52
"2021";"Total of the year";"Laax";9.00;584.00;1870.00;76291.00;297584.00;127248.00;63.93;45.58
"2021";"Total of the year";"Vals";12.00;239.00;496.00;42698.00;86132.00;49254.00;57.84;48.95
"2021";"Total of the year";"Lumnezia";8.00;88.00;222.00;6209.00;14419.00;7588.00;26.33;19.92
"2021";"Total of the year";"Ilanz/Glion";7.00;113.00;192.00;11250.00;19740.00;12965.00;32.40;29.32
"2021";"Total of the year";"Rheinwald";6.00;85.00;177.00;11458.00;21501.00;13257.00;46.53;36.14
"2021";"Total of the year";"Flims";18.00;802.00;1666.00;90787.00;243033.00;135810.00;51.02;43.76
"2021";"Total of the year";"Zernez";11.00;286.00;601.00;32415.00;75172.00;42222.00;44.34;37.56
"2021";"Total of the year";"Samnaun";25.00;520.00;1117.00;51011.00;166225.00;91872.00;55.80;46.87
"2021";"Total of the year";"Scuol";35.00;803.00;1678.00;94779.00;271306.00;154536.00;57.52;48.38
"2021";"Total of the year";"Celerina/Schlarigna";10.00;406.00;819.00;33578.00;109548.00;66061.00;47.15;38.64
"2021";"Total of the year";"Pontresina";16.00;868.00;1725.00;96950.00;332983.00;183513.00;64.94;58.92
"2021";"Total of the year";"Samedan";9.00;184.00;465.00;18679.00;43396.00;24201.00;37.94;26.69
"2021";"Total of the year";"St. Moritz";28.00;2226.00;4290.00;180399.00;586198.00;340066.00;47.46;42.07
"2021";"Total of the year";"Bregaglia";16.00;266.00;625.00;24920.00;61249.00;33356.00;36.31;28.08
"2021";"Total of the year";"Val M?stair";14.00;225.00;472.00;33969.00;65298.00;38584.00;53.00;42.74
"2021";"Total of the year";"Davos";50.00;2997.00;5902.00;269912.00;706743.00;410493.00;42.60;37.28
"2021";"Total of the year";"Klosters";20.00;540.00;1183.00;47385.00;129878.00;68565.00;38.78;33.63
"2021";"Total of the year";"Chur";15.00;562.00;976.00;78289.00;130793.00;85725.00;42.02;36.89
"2021";"Total of the year";"Arosa";33.00;1254.00;2571.00;116443.00;359914.00;193968.00;48.96;44.06
"2021";"Total of the year";"Maienfeld";5.00;120.00;236.00;13792.00;23868.00;17385.00;39.81;27.86
"2021";"Total of the year";"Breil/Brigels";12.00;199.00;428.00;19762.00;54247.00;29450.00;43.96;37.62
"2021";"Total of the year";"Tujetsch";10.00;162.00;480.00;15454.00;41393.00;21308.00;38.90;25.04
"2021";"Total of the year";"Aarau";4.00;112.00;153.00;12208.00;18197.00;14375.00;35.65;33.09
"2021";"Total of the year";"Baden";9.00;422.00;661.00;30882.00;62741.00;48266.00;31.34;26.00
"2021";"Total of the year";"Lenzburg";4.00;119.00;203.00;11876.00;22466.00;17438.00;40.83;30.88
"2021";"Total of the year";"Rheinfelden";3.00;54.00;90.00;6221.00;15343.00;9606.00;48.74;46.71
"2021";"Total of the year";"Zofingen";4.00;103.00;160.00;5633.00;13073.00;10623.00;28.29;22.48
"2021";"Total of the year";"Arbon";6.00;89.00;161.00;16342.00;29044.00;18609.00;59.94;51.43
"2021";"Total of the year";"Frauenfeld";4.00;140.00;261.00;11501.00;33373.00;25032.00;50.19;35.92
"2021";"Total of the year";"Kreuzlingen";5.00;128.00;255.00;18303.00;35281.00;21814.00;47.42;38.56
"2021";"Total of the year";"Bellinzona";16.00;433.00;869.00;66634.00;110081.00;70040.00;44.73;35.06
"2021";"Total of the year";"Ascona";28.00;1085.00;2045.00;178998.00;549045.00;288492.00;77.26;77.98
"2021";"Total of the year";"Locarno";25.00;798.00;1698.00;156908.00;378627.00;194384.00;70.40;64.92
"2021";"Total of the year";"Muralto";13.00;340.00;655.00;60592.00;139685.00;77620.00;63.95;59.80
"2021";"Total of the year";"Lugano";35.00;1614.00;2912.00;264984.00;587979.00;344465.00;60.05;56.84
"2021";"Total of the year";"Paradiso";9.00;498.00;1082.00;99640.00;209359.00;112136.00;62.66;53.80
"2021";"Total of the year";"Collina d'Oro";5.00;86.00;181.00;11477.00;32789.00;16683.00;55.37;52.07
"2021";"Total of the year";"Monteceneri";4.00;38.00;70.00;2292.00;4669.00;3090.00;22.53;18.26
"2021";"Total of the year";"Chiasso";3.00;115.00;254.00;15488.00;22618.00;16302.00;39.58;24.71
"2021";"Total of the year";"Mendrisio";9.00;200.00;412.00;20952.00;37338.00;26206.00;36.07;24.91
"2021";"Total of the year";"Leysin";4.00;323.00;915.00;56443.00;130184.00;63310.00;62.35;43.05
"2021";"Total of the year";"Ollon";8.00;340.00;796.00;41453.00;83489.00;42893.00;38.27;32.95
"2021";"Total of the year";"Ormont-Dessus";5.00;196.00;397.00;17144.00;38349.00;22171.00;36.21;30.89
"2021";"Total of the year";"Bullet";4.00;82.00;181.00;13525.00;27366.00;16265.00;57.91;45.98
"2021";"Total of the year";"Lausanne";33.00;2711.00;4765.00;298481.00;597123.00;404265.00;41.12;34.58
"2021";"Total of the year";"Bourg-en-Lavaux";4.00;87.00;161.00;18405.00;30569.00;19508.00;61.53;52.11
"2021";"Total of the year";"Morges";6.00;170.00;330.00;22537.00;41672.00;27650.00;47.30;36.50
"2021";"Total of the year";"Nyon";6.00;204.00;375.00;14039.00;32416.00;23183.00;31.84;24.22
"2021";"Total of the year";"Ch?teau-d'Oex";5.00;98.00;182.00;8466.00;15941.00;10390.00;28.99;24.01
"2021";"Total of the year";"Le Chenit";5.00;87.00;188.00;9818.00;16008.00;10780.00;34.35;23.61
"2021";"Total of the year";"Montreux";18.00;1227.00;2217.00;163293.00;329292.00;196047.00;44.95;41.74
"2021";"Total of the year";"Vevey";10.00;384.00;625.00;36428.00;70531.00;45522.00;32.58;31.02
"2021";"Total of the year";"Blonay - Saint-L?gier";...;...;...;...;...;...;...;...
"2021";"Total of the year";"Yverdon-les-Bains";4.00;239.00;477.00;41385.00;72375.00;42439.00;49.64;42.47
"2021";"Total of the year";"Brig-Glis";13.00;504.00;997.00;63235.00;145521.00;95257.00;52.10;40.25
"2021";"Total of the year";"Nendaz";7.00;104.00;214.00;20411.00;37426.00;18356.00;53.47;52.73
"2021";"Total of the year";"Orsi?res";15.00;230.00;583.00;30783.00;43694.00;22800.00;30.57;23.17
"2021";"Total of the year";"Val de Bagnes";22.00;546.00;1196.00;58479.00;132633.00;76492.00;43.43;34.34
"2021";"Total of the year";"Goms";11.00;210.00;422.00;25197.00;58217.00;34146.00;50.07;42.23
"2021";"Total of the year";"Evol?ne";11.00;178.00;363.00;15933.00;28279.00;16306.00;28.83;24.42
"2021";"Total of the year";"Leukerbad";23.00;738.00;1419.00;110495.00;226974.00;128723.00;53.01;48.90
"2021";"Total of the year";"Martigny";10.00;376.00;677.00;44331.00;73700.00;50086.00;37.31;30.45
"2021";"Total of the year";"Champ?ry";10.00;265.00;569.00;25570.00;51188.00;29587.00;33.67;27.31
"2021";"Total of the year";"Saint-Maurice";3.00;90.00;156.00;9691.00;18245.00;14103.00;43.74;32.56
"2021";"Total of the year";"Sierre";5.00;133.00;268.00;17363.00;31120.00;21392.00;44.76;32.41
"2021";"Total of the year";"Anniviers";18.00;345.00;800.00;50584.00;115156.00;62735.00;55.36;43.98
"2021";"Total of the year";"Crans-Montana";23.00;896.00;1958.00;80474.00;205323.00;113431.00;37.64;31.20
"2021";"Total of the year";"Sion";5.00;222.00;416.00;39090.00;63694.00;43709.00;57.20;44.63
"2021";"Total of the year";"Saas-Fee";31.00;802.00;1689.00;98220.00;288024.00;151316.00;57.77;52.25
"2021";"Total of the year";"Saas-Grund";9.00;188.00;365.00;15848.00;52391.00;29163.00;45.76;42.33
"2021";"Total of the year";"Visp";4.00;133.00;251.00;17104.00;36030.00;27453.00;56.96;39.83
"2021";"Total of the year";"Zermatt";91.00;3076.00;6359.00;417050.00;1064727.00;567611.00;56.90;51.40
"2021";"Total of the year";"La Grande B?roche";5.00;49.00;89.00;4463.00;7456.00;4681.00;26.79;23.25
"2021";"Total of the year";"La Chaux-de-Fonds";6.00;172.00;288.00;19508.00;30865.00;22715.00;37.17;30.13
"2021";"Total of the year";"Neuch?tel";13.00;479.00;852.00;81057.00;135451.00;88502.00;51.79;44.71
"2021";"Total of the year";"Lat?na";...;...;...;...;...;...;...;...
"2021";"Total of the year";"Gen?ve";75.00;5973.00;9916.00;479801.00;1102356.00;800695.00;37.11;30.81
"2021";"Total of the year";"Lancy";3.00;334.00;699.00;29242.00;54958.00;37141.00;30.47;21.54
"2021";"Total of the year";"Meyrin";7.00;1123.00;1657.00;92386.00;139033.00;108681.00;26.75;23.26
"2021";"Total of the year";"Vernier";3.00;300.00;638.00;21013.00;47396.00;28746.00;26.25;20.35
"2021";"Total of the year";"Del?mont";8.00;187.00;373.00;17900.00;31824.00;23362.00;34.45;23.54
"2021";"Total of the year";"Saignel?gier";5.00;89.00;192.00;17284.00;27636.00;15632.00;51.45;42.87
"2021";"Total of the year";"Porrentruy";8.00;79.00;141.00;9766.00;17222.00;11447.00;40.57;33.98
"2021";"Total of the year";"Clos du Doubs";4.00;40.00;90.00;7892.00;11612.00;6357.00;45.90;37.45
"2021";"Total of the year";"Moutier (JU)";...;...;...;...;...;...;...;...
"2022";"Total of the year";"Kloten";7.00;1238.00;2325.00;243430.00;367999.00;237439.00;52.54;43.45
"2022";"Total of the year";"Opfikon";10.00;2288.00;3868.00;365176.00;609612.00;439961.00;52.73;43.21
"2022";"Total of the year";"D?bendorf";5.00;164.00;239.00;20845.00;37532.00;29351.00;50.59;44.73
"2022";"Total of the year";"Uster";6.00;187.00;329.00;13196.00;37917.00;26733.00;40.06;32.12
"2022";"Total of the year";"Winterthur";17.00;747.00;1445.00;90236.00;165803.00;115328.00;42.76;31.81
"2022";"Total of the year";"Z?rich";123.00;9037.00;17292.00;1745522.00;3284911.00;2140836.00;64.98;52.10
"2022";"Total of the year";"W?denswil";4.00;69.00;122.00;7335.00;12961.00;9546.00;39.94;30.66
"2022";"Total of the year";"Horgen";4.00;88.00;126.00;8340.00;14161.00;10790.00;35.28;32.18
"2022";"Total of the year";"Langenthal";5.00;160.00;309.00;20792.00;31944.00;26292.00;45.59;28.66
"2022";"Total of the year";"Bern";36.00;2388.00;4396.00;472457.00;820916.00;528850.00;60.77;51.25
"2022";"Total of the year";"K?niz";5.00;63.00;144.00;7364.00;17552.00;11759.00;53.12;34.78
"2022";"Total of the year";"Biel/Bienne";7.00;338.00;516.00;52315.00;87405.00;68358.00;56.01;46.83
"2022";"Total of the year";"Burgdorf";4.00;100.00;242.00;23067.00;34196.00;20816.00;58.39;39.89
"2022";"Total of the year";"Adelboden";16.00;638.00;1318.00;81453.00;202890.00;109528.00;52.82;47.36
"2022";"Total of the year";"Aeschi bei Spiez";5.00;93.00;187.00;9738.00;18911.00;9866.00;30.00;28.70
"2022";"Total of the year";"Kandersteg";15.00;339.00;680.00;60254.00;118202.00;63183.00;53.62;50.00
"2022";"Total of the year";"Reichenbach im Kandertal";9.00;153.00;402.00;17881.00;42060.00;23543.00;44.63;30.37
"2022";"Total of the year";"Beatenberg";11.00;310.00;760.00;54423.00;136384.00;62055.00;57.86;51.62
"2022";"Total of the year";"Brienz (BE)";11.00;273.00;590.00;54668.00;94942.00;50018.00;54.05;47.32
"2022";"Total of the year";"Grindelwald";43.00;1544.00;3401.00;311947.00;709503.00;356314.00;68.83;62.26
"2022";"Total of the year";"Interlaken";27.00;1527.00;3153.00;301678.00;657435.00;352388.00;64.46;58.22
"2022";"Total of the year";"Lauterbrunnen";41.00;1331.00;2780.00;182551.00;473170.00;250464.00;58.23;52.62
"2022";"Total of the year";"Matten bei Interlaken";5.00;186.00;368.00;20383.00;51929.00;28472.00;42.82;39.67
"2022";"Total of the year";"Unterseen";11.00;317.00;705.00;60443.00;130480.00;66867.00;60.53;53.05
"2022";"Total of the year";"Wilderswil";10.00;323.00;680.00;43448.00;105497.00;59883.00;52.39;43.84
"2022";"Total of the year";"Moutier (BE)";4.00;42.00;76.00;1810.00;3508.00;2789.00;18.62;13.20
"2022";"Total of the year";"Diemtigen";7.00;92.00;226.00;5097.00;11936.00;6011.00;24.09;19.00
"2022";"Total of the year";"Spiez";13.00;425.00;732.00;75573.00;137930.00;88255.00;57.34;52.04
"2022";"Total of the year";"Hasliberg";10.00;276.00;618.00;32876.00;75985.00;41586.00;48.80;39.45
"2022";"Total of the year";"Innertkirchen";8.00;140.00;328.00;17191.00;27413.00;15554.00;34.35;25.73
"2022";"Total of the year";"Meiringen";10.00;238.00;550.00;28813.00;50384.00;28459.00;33.90;26.09
"2022";"Total of the year";"Lenk";14.00;397.00;777.00;56690.00;122917.00;69049.00;52.86;48.25
"2022";"Total of the year";"Saanen";27.00;1050.00;2129.00;144163.00;368675.00;209416.00;60.46;52.91
"2022";"Total of the year";"Langnau im Emmental";4.00;47.00;92.00;6425.00;10193.00;7009.00;42.31;31.45
"2022";"Total of the year";"Schangnau";4.00;45.00;90.00;7055.00;9367.00;5559.00;38.80;32.52
"2022";"Total of the year";"Sigriswil";9.00;381.00;646.00;54515.00;157023.00;100153.00;74.45;69.10
"2022";"Total of the year";"Thun";15.00;416.00;687.00;72822.00;126800.00;83699.00;57.03;52.24
"2022";"Total of the year";"Herzogenbuchsee";3.00;34.00;60.00;2310.00;4063.00;2917.00;23.90;18.90
"2022";"Total of the year";"Emmen";5.00;288.00;393.00;15245.00;33225.00;26632.00;25.41;23.23
"2022";"Total of the year";"Kriens";4.00;259.00;551.00;68873.00;118075.00;61762.00;65.35;58.74
"2022";"Total of the year";"Luzern";54.00;3074.00;6063.00;583780.00;1099435.00;670428.00;60.15;50.00
"2022";"Total of the year";"Meggen";3.00;34.00;68.00;7692.00;13285.00;6793.00;57.10;55.84
"2022";"Total of the year";"Vitznau";8.00;301.00;664.00;40930.00;83587.00;48463.00;47.55;36.79
"2022";"Total of the year";"Weggis";22.00;845.00;1504.00;94979.00;214817.00;137931.00;45.87;40.20
"2022";"Total of the year";"Sursee";6.00;147.00;262.00;18913.00;36400.00;25348.00;48.84;39.65
"2022";"Total of the year";"Andermatt";13.00;476.00;995.00;88495.00;183243.00;104327.00;64.53;54.55
"2022";"Total of the year";"Gurtnellen";5.00;35.00;108.00;5093.00;5992.00;2781.00;24.30;16.81
"2022";"Total of the year";"Einsiedeln";9.00;238.00;531.00;30047.00;57217.00;34955.00;40.37;29.61
"2022";"Total of the year";"Feusisberg";5.00;216.00;421.00;29659.00;50578.00;36711.00;46.57;32.92
"2022";"Total of the year";"Freienbach";5.00;217.00;356.00;31118.00;51143.00;37433.00;47.63;39.73
"2022";"Total of the year";"K?ssnacht (SZ)";6.00;126.00;233.00;19810.00;33516.00;22633.00;50.04;39.93
"2022";"Total of the year";"Ingenbohl";5.00;220.00;413.00;33637.00;62017.00;39952.00;50.59;41.80
"2022";"Total of the year";"Morschach";8.00;310.00;672.00;95116.00;234655.00;79101.00;72.46;99.60
"2022";"Total of the year";"Schwyz";8.00;93.00;218.00;8897.00;16978.00;10614.00;33.93;23.53
"2022";"Total of the year";"Engelberg";22.00;912.00;1837.00;116387.00;254663.00;150125.00;46.88;39.61
"2022";"Total of the year";"Sachseln";10.00;273.00;507.00;30844.00;58306.00;36502.00;38.45;33.05
"2022";"Total of the year";"Sarnen";8.00;214.00;366.00;24319.00;57195.00;40693.00;52.36;43.07
"2022";"Total of the year";"Beckenried";5.00;98.00;230.00;23672.00;38180.00;21621.00;60.51;46.09
"2022";"Total of the year";"Emmetten";5.00;163.00;356.00;22059.00;36168.00;21658.00;38.31;29.68
"2022";"Total of the year";"Glarus Nord";10.00;256.00;583.00;28588.00;58014.00;33449.00;36.37;27.76
"2022";"Total of the year";"Glarus S?d";18.00;256.00;591.00;29522.00;67998.00;30615.00;37.35;36.25
"2022";"Total of the year";"Unter?geri";4.00;108.00;188.00;10134.00;17265.00;13181.00;33.44;25.16
"2022";"Total of the year";"Zug";8.00;413.00;708.00;41324.00;109873.00;86862.00;58.00;42.82
"2022";"Total of the year";"Haut-Intyamon";4.00;33.00;64.00;1766.00;2900.00;1944.00;16.92;12.81
"2022";"Total of the year";"Bulle";5.00;213.00;429.00;36822.00;61337.00;40450.00;53.32;39.83
"2022";"Total of the year";"Gruy?res";6.00;88.00;222.00;21207.00;29208.00;16037.00;52.00;38.26
"2022";"Total of the year";"Fribourg";7.00;241.00;482.00;48247.00;72053.00;49051.00;56.39;41.39
"2022";"Total of the year";"Murten";8.00;157.00;279.00;25133.00;38139.00;25750.00;47.84;39.77
"2022";"Total of the year";"Plaffeien";6.00;115.00;294.00;14946.00;29462.00;15510.00;38.29;28.24
"2022";"Total of the year";"Egerkingen";4.00;220.00;397.00;33260.00;49154.00;32710.00;40.88;34.07
"2022";"Total of the year";"Grenchen";5.00;91.00;185.00;9718.00;18012.00;13222.00;39.93;26.81
"2022";"Total of the year";"Olten";8.00;285.00;513.00;37947.00;72902.00;53217.00;51.24;39.06
"2022";"Total of the year";"Solothurn";9.00;303.00;582.00;60363.00;95393.00;65845.00;59.78;45.00
"2022";"Total of the year";"Basel";59.00;4482.00;8921.00;698372.00;1289536.00;867070.00;53.41;39.89
"2022";"Total of the year";"Liestal";5.00;158.00;280.00;15783.00;27231.00;21225.00;37.15;26.94
"2022";"Total of the year";"Pratteln";5.00;296.00;667.00;48860.00;78733.00;47803.00;44.51;32.50
"2022";"Total of the year";"Schaffhausen";11.00;378.00;725.00;62572.00;102166.00;70176.00;51.48;39.04
"2022";"Total of the year";"Hundwil";4.00;79.00;187.00;21968.00;28874.00;17838.00;62.84;42.87
"2022";"Total of the year";"Gais";5.00;178.00;269.00;7269.00;11278.00;7390.00;11.37;11.49
"2022";"Total of the year";"Teufen (AR)";4.00;45.00;81.00;4172.00;8362.00;5904.00;36.70;28.83
"2022";"Total of the year";"Heiden";4.00;80.00;154.00;11219.00;21992.00;13937.00;53.89;44.43
"2022";"Total of the year";"Appenzell";10.00;212.00;454.00;30886.00;50425.00;31384.00;44.13;33.04
"2022";"Total of the year";"Gonten";5.00;68.00;146.00;7557.00;19739.00;13299.00;54.90;38.30
"2022";"Total of the year";"St. Gallen";21.00;1003.00;1906.00;143879.00;265651.00;188784.00;52.25;38.59
"2022";"Total of the year";"Rorschacherberg";3.00;104.00;188.00;19122.00;31280.00;22085.00;60.83;47.68
"2022";"Total of the year";"Altst?tten";5.00;93.00;178.00;6538.00;11619.00;8867.00;26.24;18.02
"2022";"Total of the year";"Buchs (SG)";6.00;162.00;288.00;13099.00;34605.00;27442.00;46.88;33.50
"2022";"Total of the year";"Bad Ragaz";12.00;494.00;1013.00;64857.00;158596.00;102270.00;58.43;44.29
"2022";"Total of the year";"Flums";6.00;101.00;195.00;10174.00;18682.00;12253.00;37.13;29.73
"2022";"Total of the year";"Quarten";10.00;221.00;528.00;30572.00;59260.00;29957.00;38.74;31.80
"2022";"Total of the year";"Walenstadt";4.00;60.00;118.00;6458.00;11835.00;7739.00;36.87;29.08
"2022";"Total of the year";"Amden";8.00;100.00;218.00;10541.00;19740.00;11605.00;36.64;28.30
"2022";"Total of the year";"Rapperswil-Jona";6.00;196.00;286.00;20041.00;37288.00;31508.00;45.60;36.95
"2022";"Total of the year";"Eschenbach (SG)";4.00;22.00;42.00;728.00;2575.00;1633.00;21.42;17.61
"2022";"Total of the year";"Wildhaus-Alt St. Johann";19.00;461.00;1012.00;40231.00;88190.00;51399.00;32.54;25.66
"2022";"Total of the year";"Neckertal";...;...;...;...;...;...;...;...
"2022";"Total of the year";"Uzwil";8.00;158.00;300.00;11402.00;38865.00;28464.00;49.54;35.51
"2022";"Total of the year";"Wil (SG)";4.00;116.00;220.00;16378.00;29528.00;22986.00;54.47;36.85
"2022";"Total of the year";"Vaz/Obervaz";16.00;773.00;1724.00;103768.00;269326.00;141353.00;55.15;46.94
"2022";"Total of the year";"Surses";14.00;404.00;923.00;29718.00;69211.00;36498.00;26.42;22.26
"2022";"Total of the year";"Poschiavo";21.00;280.00;590.00;37232.00;71400.00;41119.00;40.68;33.56
"2022";"Total of the year";"Laax";9.00;634.00;2032.00;71409.00;278037.00;120830.00;56.74;40.15
"2022";"Total of the year";"Vals";11.00;239.00;489.00;37136.00;74108.00;41347.00;48.88;43.12
"2022";"Total of the year";"Lumnezia";6.00;64.00;151.00;5558.00;13215.00;7202.00;34.92;27.44
"2022";"Total of the year";"Ilanz/Glion";6.00;106.00;176.00;12799.00;23629.00;15728.00;41.73;38.28
"2022";"Total of the year";"Rheinwald";6.00;89.00;188.00;10688.00;19409.00;12081.00;40.64;30.90
"2022";"Total of the year";"Flims";18.00;763.00;1608.00;87615.00;239623.00;135200.00;53.92;45.55
"2022";"Total of the year";"Zernez";11.00;289.00;605.00;33367.00;67747.00;38986.00;41.77;34.51
"2022";"Total of the year";"Samnaun";24.00;485.00;1042.00;44936.00;155643.00;87387.00;55.68;45.95
"2022";"Total of the year";"Scuol";33.00;782.00;1648.00;91150.00;263553.00;148329.00;57.46;48.46
"2022";"Total of the year";"Celerina/Schlarigna";9.00;395.00;781.00;35930.00;104839.00;65187.00;46.64;37.89
"2022";"Total of the year";"Pontresina";17.00;962.00;1944.00;103479.00;341247.00;198632.00;61.78;52.32
"2022";"Total of the year";"Samedan";8.00;175.00;452.00;24556.00;51652.00;29791.00;48.83;33.72
"2022";"Total of the year";"St. Moritz";30.00;2366.00;4576.00;262542.00;788114.00;446715.00;57.82;52.39
"2022";"Total of the year";"Bregaglia";16.00;266.00;641.00;25713.00;59814.00;33287.00;37.53;27.97
"2022";"Total of the year";"Val M?stair";13.00;209.00;437.00;26092.00;54721.00;32948.00;49.09;39.10
"2022";"Total of the year";"Davos";54.00;3364.00;6627.00;306648.00;830116.00;501497.00;45.70;38.32
"2022";"Total of the year";"Klosters";21.00;560.00;1232.00;52093.00;150036.00;80839.00;43.26;36.50
"2022";"Total of the year";"Chur";15.00;564.00;979.00;122694.00;191798.00;126674.00;61.80;53.89
"2022";"Total of the year";"Arosa";34.00;1264.00;2554.00;130097.00;402592.00;220320.00;53.94;48.70
"2022";"Total of the year";"Maienfeld";5.00;124.00;242.00;19939.00;30691.00;21952.00;49.58;35.50
"2022";"Total of the year";"Breil/Brigels";11.00;186.00;406.00;17256.00;44183.00;24289.00;38.49;32.13
"2022";"Total of the year";"Tujetsch";10.00;163.00;486.00;19670.00;54559.00;27240.00;51.08;33.73
"2022";"Total of the year";"Aarau";4.00;132.00;152.00;18324.00;28423.00;22509.00;46.96;51.65
"2022";"Total of the year";"Baden";9.00;460.00;732.00;48685.00;106623.00;83958.00;50.01;39.91
"2022";"Total of the year";"Lenzburg";3.00;113.00;189.00;14737.00;26748.00;22105.00;54.36;39.34
"2022";"Total of the year";"Rheinfelden";4.00;62.00;105.00;6841.00;17920.00;9686.00;42.93;46.96
"2022";"Total of the year";"Zofingen";4.00;108.00;169.00;9141.00;17523.00;14173.00;36.21;28.64
"2022";"Total of the year";"Arbon";7.00;111.00;202.00;18880.00;33647.00;21652.00;55.63;47.41
"2022";"Total of the year";"Frauenfeld";4.00;149.00;282.00;13666.00;33411.00;27782.00;52.01;32.97
"2022";"Total of the year";"Kreuzlingen";6.00;137.00;272.00;23835.00;42645.00;27343.00;55.54;43.66
"2022";"Total of the year";"Bellinzona";16.00;439.00;886.00;66599.00;99223.00;65515.00;41.44;31.12
"2022";"Total of the year";"Ascona";29.00;1095.00;2051.00;153258.00;449046.00;256425.00;66.27;62.04
"2022";"Total of the year";"Locarno";24.00;780.00;1643.00;136663.00;298849.00;169532.00;62.13;52.11
"2022";"Total of the year";"Muralto";15.00;360.00;693.00;57899.00;126550.00;71512.00;56.09;51.53
"2022";"Total of the year";"Lugano";35.00;1633.00;2917.00;279324.00;563584.00;349583.00;60.14;54.37
"2022";"Total of the year";"Paradiso";9.00;518.00;1123.00;107474.00;195031.00;115630.00;61.16;47.58
"2022";"Total of the year";"Collina d'Oro";5.00;91.00;187.00;8410.00;19076.00;11270.00;35.77;29.59
"2022";"Total of the year";"Monteceneri";4.00;38.00;71.00;2495.00;4271.00;2808.00;20.37;16.60
"2022";"Total of the year";"Chiasso";4.00;123.00;265.00;15178.00;28681.00;17576.00;40.09;30.14
"2022";"Total of the year";"Mendrisio";9.00;198.00;413.00;26791.00;45223.00;31977.00;45.38;30.69
"2022";"Total of the year";"Leysin";4.00;307.00;886.00;75953.00;176351.00;75521.00;78.01;59.83
"2022";"Total of the year";"Ollon";8.00;357.00;752.00;45958.00;104951.00;54664.00;51.22;47.13
"2022";"Total of the year";"Ormont-Dessus";6.00;221.00;443.00;23764.00;59304.00;36186.00;48.77;39.81
"2022";"Total of the year";"Bullet";4.00;84.00;188.00;10446.00;22641.00;14141.00;49.76;37.91
"2022";"Total of the year";"Lausanne";34.00;2848.00;4960.00;428445.00;857058.00;599069.00;57.79;47.49
"2022";"Total of the year";"Bourg-en-Lavaux";4.00;88.00;161.00;18137.00;29448.00;21037.00;67.48;51.66
"2022";"Total of the year";"Morges";6.00;179.00;352.00;27924.00;51860.00;34505.00;53.46;40.89
"2022";"Total of the year";"Nyon";8.00;279.00;548.00;28223.00;59661.00;45141.00;44.99;30.28
"2022";"Total of the year";"Ch?teau-d'Oex";5.00;99.00;184.00;9480.00;19420.00;12992.00;36.20;29.20
"2022";"Total of the year";"Le Chenit";6.00;129.00;272.00;15224.00;24513.00;16906.00;37.32;25.78
"2022";"Total of the year";"Montreux";19.00;1311.00;2406.00;218894.00;427276.00;257912.00;54.19;48.97
"2022";"Total of the year";"Vevey";11.00;404.00;652.00;43574.00;91132.00;60810.00;41.29;38.34
"2022";"Total of the year";"Blonay - Saint-L?gier";4.00;144.00;282.00;17179.00;29901.00;18037.00;34.73;29.36
"2022";"Total of the year";"Yverdon-les-Bains";5.00;266.00;529.00;44566.00;75233.00;46895.00;48.54;39.15
"2022";"Total of the year";"Brig-Glis";13.00;520.00;1056.00;84009.00;192756.00;123172.00;65.26;50.23
"2022";"Total of the year";"Nendaz";6.00;100.00;206.00;17366.00;32958.00;17046.00;53.50;49.81
"2022";"Total of the year";"Orsi?res";14.00;220.00;561.00;41725.00;55327.00;27935.00;38.06;29.88
"2022";"Total of the year";"Val de Bagnes";22.00;588.00;1280.00;63404.00;183635.00;100649.00;52.48;44.11
"2022";"Total of the year";"Goms";11.00;211.00;421.00;25647.00;58853.00;34389.00;48.67;41.85
"2022";"Total of the year";"Evol?ne";12.00;180.00;374.00;20079.00;35562.00;20869.00;35.76;29.20
"2022";"Total of the year";"Leukerbad";24.00;751.00;1435.00;102705.00;214484.00;124306.00;49.74;44.98
"2022";"Total of the year";"Martigny";9.00;369.00;664.00;57260.00;91705.00;63001.00;46.83;37.89
"2022";"Total of the year";"Champ?ry";11.00;288.00;606.00;34706.00;70231.00;41186.00;42.67;35.17
"2022";"Total of the year";"Saint-Maurice";3.00;90.00;156.00;11692.00;21800.00;17224.00;53.60;39.02
"2022";"Total of the year";"Sierre";6.00;138.00;276.00;20452.00;33990.00;22143.00;45.25;34.76
"2022";"Total of the year";"Anniviers";19.00;423.00;1043.00;54477.00;152059.00;77653.00;58.14;46.47
"2022";"Total of the year";"Crans-Montana";26.00;871.00;1961.00;84008.00;221562.00;123878.00;41.99;33.63
"2022";"Total of the year";"Sion";6.00;329.00;636.00;61762.00;96331.00;64108.00;53.45;41.54
"2022";"Total of the year";"Saas-Fee";28.00;672.00;1455.00;86843.00;262675.00;141788.00;61.61;52.80
"2022";"Total of the year";"Saas-Grund";10.00;207.00;403.00;22811.00;64407.00;36302.00;51.21;46.59
"2022";"Total of the year";"Visp";4.00;134.00;252.00;22866.00;41009.00;30440.00;62.84;45.11
"2022";"Total of the year";"Zermatt";97.00;3320.00;6830.00;581552.00;1481092.00;793572.00;71.37;64.55
"2022";"Total of the year";"La Grande B?roche";5.00;59.00;111.00;7079.00;12583.00;7681.00;35.49;31.17
"2022";"Total of the year";"La Chaux-de-Fonds";7.00;191.00;312.00;17501.00;27714.00;19606.00;28.35;24.59
"2022";"Total of the year";"Neuch?tel";15.00;560.00;974.00;92383.00;156230.00;111636.00;54.68;44.01
"2022";"Total of the year";"Lat?na";...;...;...;...;...;...;...;...
"2022";"Total of the year";"Gen?ve";86.00;6720.00;11200.00;895919.00;2006611.00;1448150.00;59.26;49.28
"2022";"Total of the year";"Lancy";3.00;334.00;699.00;46953.00;93685.00;60095.00;49.29;36.72
"2022";"Total of the year";"Meyrin";10.00;1791.00;2643.00;268412.00;459373.00;338478.00;52.07;47.83
"2022";"Total of the year";"Vernier";3.00;300.00;638.00;46170.00;84364.00;49738.00;45.42;36.23
"2022";"Total of the year";"Del?mont";8.00;209.00;415.00;21938.00;38700.00;29564.00;39.61;26.02
"2022";"Total of the year";"Saignel?gier";6.00;94.00;200.00;14078.00;23247.00;15012.00;45.81;33.38
"2022";"Total of the year";"Porrentruy";8.00;77.00;143.00;9101.00;14453.00;9710.00;36.02;28.85
"2022";"Total of the year";"Clos du Doubs";5.00;43.00;99.00;6270.00;10427.00;5907.00;39.36;30.28
"2022";"Total of the year";"Moutier (JU)";...;...;...;...;...;...;...;...
"2023";"Total of the year";"Kloten";7.00;1387.00;2388.00;315106.00;464684.00;340067.00;67.17;53.31
"2023";"Total of the year";"Opfikon";10.00;2286.00;3870.00;465796.00;742327.00;531904.00;63.79;52.57
"2023";"Total of the year";"D?bendorf";5.00;172.00;257.00;25029.00;46349.00;30873.00;50.31;50.80
"2023";"Total of the year";"Uster";6.00;183.00;322.00;15533.00;45873.00;34620.00;52.50;39.27
"2023";"Total of the year";"Winterthur";19.00;808.00;1523.00;106438.00;196959.00;145079.00;49.63;35.79
"2023";"Total of the year";"Z?rich";125.00;9228.00;17833.00;2093483.00;3831641.00;2453857.00;72.91;58.90
"2023";"Total of the year";"W?denswil";4.00;69.00;122.00;7475.00;12367.00;8926.00;36.33;28.43
"2023";"Total of the year";"Horgen";4.00;88.00;126.00;8731.00;14436.00;11016.00;35.81;32.59
"2023";"Total of the year";"Langenthal";4.00;147.00;286.00;22351.00;34649.00;27956.00;52.66;33.52
"2023";"Total of the year";"Bern";41.00;2878.00;5169.00;601276.00;1044046.00;670821.00;63.97;55.43
"2023";"Total of the year";"K?niz";5.00;65.00;146.00;8187.00;20437.00;13867.00;61.09;40.24
"2023";"Total of the year";"Biel/Bienne";7.00;356.00;592.00;62108.00;99209.00;74291.00;57.11;45.88
"2023";"Total of the year";"Burgdorf";4.00;100.00;242.00;23759.00;35164.00;21000.00;59.51;41.37
"2023";"Total of the year";"Adelboden";17.00;663.00;1389.00;90906.00;220370.00;122769.00;56.19;48.02
"2023";"Total of the year";"Aeschi bei Spiez";6.00;112.00;225.00;17770.00;27978.00;14733.00;37.49;35.26
"2023";"Total of the year";"Kandersteg";14.00;329.00;664.00;63027.00;122335.00;64418.00;55.69;52.20
"2023";"Total of the year";"Reichenbach im Kandertal";9.00;156.00;405.00;17244.00;38423.00;22295.00;41.01;27.47
"2023";"Total of the year";"Beatenberg";11.00;311.00;764.00;62629.00;141394.00;67380.00;62.15;52.91
"2023";"Total of the year";"Brienz (BE)";12.00;292.00;633.00;66613.00;112778.00;57588.00;56.88;51.29
"2023";"Total of the year";"Grindelwald";43.00;1546.00;3404.00;381803.00;830170.00;399679.00;75.58;71.46
"2023";"Total of the year";"Interlaken";27.00;1589.00;3255.00;393194.00;804544.00;420798.00;73.19;68.26
"2023";"Total of the year";"Lauterbrunnen";39.00;1220.00;2594.00;199318.00;498608.00;255929.00;63.61;58.30
"2023";"Total of the year";"Matten bei Interlaken";5.00;187.00;370.00;25883.00;61685.00;35651.00;54.84;48.42
"2023";"Total of the year";"Unterseen";12.00;336.00;760.00;80248.00;173959.00;85645.00;72.28;64.95
"2023";"Total of the year";"Wilderswil";10.00;335.00;694.00;62038.00;128554.00;70544.00;58.84;51.72
"2023";"Total of the year";"Moutier (BE)";4.00;44.00;78.00;1902.00;3483.00;2841.00;19.08;13.28
"2023";"Total of the year";"Diemtigen";7.00;92.00;228.00;4645.00;11801.00;6178.00;21.89;16.84
"2023";"Total of the year";"Spiez";12.00;413.00;707.00;79488.00;144834.00;90896.00;60.76;56.55
"2023";"Total of the year";"Hasliberg";12.00;313.00;708.00;42506.00;94259.00;49751.00;45.75;38.25
"2023";"Total of the year";"Innertkirchen";8.00;139.00;322.00;18604.00;28555.00;16128.00;36.34;28.04
"2023";"Total of the year";"Meiringen";10.00;258.00;601.00;35216.00;62711.00;35284.00;40.65;31.27
"2023";"Total of the year";"Lenk";14.00;399.00;780.00;57624.00;118604.00;68205.00;49.40;44.04
"2023";"Total of the year";"Saanen";27.00;1008.00;2048.00;144665.00;362602.00;204751.00;62.20;54.70
"2023";"Total of the year";"Langnau im Emmental";4.00;47.00;92.00;7195.00;10753.00;7650.00;46.31;33.24
"2023";"Total of the year";"Schangnau";4.00;45.00;90.00;7669.00;10552.00;6037.00;40.16;34.88
"2023";"Total of the year";"Sigriswil";9.00;288.00;540.00;55400.00;119368.00;66992.00;69.73;66.44
"2023";"Total of the year";"Thun";15.00;437.00;728.00;85745.00;149745.00;97733.00;62.82;57.91
"2023";"Total of the year";"Herzogenbuchsee";3.00;41.00;75.00;3075.00;5276.00;3684.00;24.82;19.45
"2023";"Total of the year";"Emmen";4.00;274.00;378.00;18158.00;34236.00;26655.00;26.85;25.02
"2023";"Total of the year";"Kriens";4.00;258.00;551.00;82992.00;142288.00;71662.00;76.10;70.75
"2023";"Total of the year";"Luzern";56.00;3230.00;6354.00;730983.00;1328369.00;776318.00;66.14;57.54
"2023";"Total of the year";"Meggen";3.00;34.00;68.00;9152.00;15675.00;7843.00;64.39;64.35
"2023";"Total of the year";"Vitznau";8.00;294.00;651.00;42120.00;87486.00;49974.00;48.13;37.85
"2023";"Total of the year";"Weggis";21.00;820.00;1473.00;96630.00;212252.00;135319.00;46.58;40.71
"2023";"Total of the year";"Sursee";5.00;139.00;240.00;25292.00;44472.00;31437.00;63.13;51.80
"2023";"Total of the year";"Andermatt";11.00;444.00;998.00;70068.00;152220.00;72672.00;46.57;43.67
"2023";"Total of the year";"Gurtnellen";4.00;43.00;124.00;6941.00;7520.00;3504.00;23.03;16.97
"2023";"Total of the year";"Einsiedeln";8.00;210.00;464.00;30685.00;56070.00;36758.00;48.13;33.21
"2023";"Total of the year";"Feusisberg";5.00;215.00;419.00;28365.00;47499.00;35163.00;45.42;31.33
"2023";"Total of the year";"Freienbach";5.00;212.00;350.00;33433.00;56914.00;40650.00;52.85;44.84
"2023";"Total of the year";"K?ssnacht (SZ)";6.00;141.00;259.00;24108.00;38820.00;26523.00;52.75;41.95
"2023";"Total of the year";"Ingenbohl";6.00;221.00;415.00;38930.00;59769.00;37690.00;47.11;39.81
"2023";"Total of the year";"Morschach";8.00;461.00;1274.00;118836.00;266958.00;114974.00;69.64;58.62
"2023";"Total of the year";"Schwyz";9.00;127.00;297.00;12567.00;20443.00;12210.00;27.69;20.45
"2023";"Total of the year";"Engelberg";24.00;939.00;1898.00;151452.00;324371.00;170080.00;51.15;48.38
"2023";"Total of the year";"Sachseln";9.00;265.00;491.00;33282.00;62966.00;39272.00;41.93;36.39
"2023";"Total of the year";"Sarnen";7.00;211.00;362.00;26398.00;59361.00;41970.00;54.90;45.25
"2023";"Total of the year";"Beckenried";6.00;105.00;267.00;24711.00;41618.00;22899.00;60.17;42.96
"2023";"Total of the year";"Emmetten";4.00;157.00;328.00;20300.00;34619.00;20146.00;36.75;30.71
"2023";"Total of the year";"Glarus Nord";11.00;300.00;682.00;35041.00;71483.00;41394.00;38.19;29.06
"2023";"Total of the year";"Glarus S?d";21.00;275.00;630.00;30104.00;64051.00;30060.00;33.11;30.86
"2023";"Total of the year";"Unter?geri";4.00;108.00;188.00;15958.00;25084.00;17775.00;45.09;36.55
"2023";"Total of the year";"Zug";9.00;420.00;724.00;43525.00;109693.00;91415.00;60.35;41.95
"2023";"Total of the year";"Haut-Intyamon";4.00;31.00;67.00;2522.00;3962.00;2393.00;22.07;17.11
"2023";"Total of the year";"Bulle";6.00;229.00;447.00;41405.00;69291.00;49142.00;58.67;42.49
"2023";"Total of the year";"Gruy?res";6.00;92.00;240.00;20149.00;28122.00;16502.00;51.66;34.61
"2023";"Total of the year";"Fribourg";7.00;256.00;501.00;49985.00;74739.00;52242.00;56.36;41.20
"2023";"Total of the year";"Murten";8.00;154.00;275.00;22600.00;34722.00;24860.00;46.83;36.72
"2023";"Total of the year";"Plaffeien";6.00;110.00;279.00;16115.00;29837.00;15672.00;40.44;30.49
"2023";"Total of the year";"Egerkingen";4.00;217.00;392.00;46686.00;71916.00;46653.00;59.05;50.41
"2023";"Total of the year";"Grenchen";5.00;91.00;185.00;9471.00;18738.00;13915.00;42.41;28.01
"2023";"Total of the year";"Olten";8.00;289.00;519.00;45064.00;78083.00;58401.00;55.27;41.22
"2023";"Total of the year";"Solothurn";10.00;305.00;587.00;59600.00;97637.00;69011.00;62.31;45.75
"2023";"Total of the year";"Basel";59.00;4644.00;9195.00;798666.00;1463684.00;965018.00;57.28;43.87
"2023";"Total of the year";"Liestal";5.00;158.00;280.00;16416.00;27365.00;21369.00;37.52;27.17
"2023";"Total of the year";"Pratteln";6.00;297.00;668.00;45724.00;82332.00;54631.00;50.65;33.87
"2023";"Total of the year";"Schaffhausen";11.00;393.00;747.00;65715.00;107560.00;74806.00;53.15;40.21
"2023";"Total of the year";"Hundwil";4.00;79.00;187.00;20369.00;26528.00;17108.00;60.48;39.50
"2023";"Total of the year";"Gais";5.00;184.00;273.00;9460.00;13164.00;10561.00;15.86;13.36
"2023";"Total of the year";"Teufen (AR)";4.00;40.00;72.00;4129.00;7589.00;5514.00;37.82;29.30
"2023";"Total of the year";"Heiden";5.00;98.00;187.00;15643.00;29234.00;18210.00;52.18;43.62
"2023";"Total of the year";"Appenzell";10.00;204.00;432.00;30428.00;49049.00;29569.00;42.89;33.66
"2023";"Total of the year";"Gonten";5.00;70.00;150.00;9493.00;20267.00;12986.00;55.87;41.09
"2023";"Total of the year";"St. Gallen";23.00;1045.00;1945.00;154023.00;293745.00;209281.00;55.39;41.70
"2023";"Total of the year";"Rorschacherberg";3.00;104.00;188.00;19013.00;30405.00;21875.00;60.02;46.17
"2023";"Total of the year";"Altst?tten";5.00;98.00;188.00;7758.00;14483.00;11498.00;32.78;21.37
"2023";"Total of the year";"Buchs (SG)";6.00;163.00;291.00;15278.00;32877.00;24293.00;40.89;31.13
"2023";"Total of the year";"Bad Ragaz";13.00;509.00;1058.00;67259.00;156942.00;99172.00;55.06;42.11
"2023";"Total of the year";"Flums";6.00;103.00;207.00;10912.00;21159.00;12584.00;39.61;33.53
"2023";"Total of the year";"Quarten";10.00;219.00;519.00;31195.00;58559.00;29593.00;39.90;33.02
"2023";"Total of the year";"Walenstadt";4.00;60.00;118.00;6079.00;9876.00;6427.00;30.69;24.33
"2023";"Total of the year";"Amden";7.00;92.00;203.00;9398.00;18991.00;10940.00;39.28;30.51
"2023";"Total of the year";"Rapperswil-Jona";6.00;195.00;283.00;22502.00;40656.00;36232.00;51.49;39.93
"2023";"Total of the year";"Eschenbach (SG)";4.00;22.00;42.00;994.00;2310.00;1497.00;19.29;15.51
"2023";"Total of the year";"Wildhaus-Alt St. Johann";19.00;453.00;1001.00;43759.00;96343.00;58363.00;37.99;28.61
"2023";"Total of the year";"Neckertal";8.00;109.00;201.00;6649.00;16163.00;9959.00;27.80;24.66
"2023";"Total of the year";"Uzwil";8.00;158.00;302.00;12018.00;37719.00;29235.00;50.87;34.23
"2023";"Total of the year";"Wil (SG)";4.00;119.00;225.00;20362.00;34256.00;25529.00;58.78;41.71
"2023";"Total of the year";"Vaz/Obervaz";16.00;818.00;1806.00;97818.00;255532.00;133695.00;48.91;42.29
"2023";"Total of the year";"Surses";13.00;312.00;741.00;28289.00;62027.00;33685.00;32.45;25.52
"2023";"Total of the year";"Poschiavo";20.00;271.00;572.00;39677.00;76211.00;43949.00;44.43;36.52
"2023";"Total of the year";"Laax";8.00;618.00;1977.00;63167.00;246745.00;104461.00;48.12;35.37
"2023";"Total of the year";"Vals";11.00;240.00;486.00;34305.00;67815.00;38046.00;44.68;39.48
"2023";"Total of the year";"Lumnezia";7.00;55.00;132.00;4924.00;10619.00;5741.00;35.62;27.33
"2023";"Total of the year";"Ilanz/Glion";5.00;102.00;179.00;13651.00;24053.00;15630.00;44.40;39.46
"2023";"Total of the year";"Rheinwald";6.00;88.00;195.00;10336.00;18584.00;11418.00;37.38;27.68
"2023";"Total of the year";"Flims";17.00;731.00;1534.00;70819.00;204078.00;118474.00;48.72;39.97
"2023";"Total of the year";"Zernez";11.00;282.00;599.00;35560.00;69210.00;40387.00;43.33;34.80
"2023";"Total of the year";"Samnaun";24.00;498.00;1048.00;46006.00;154911.00;86001.00;52.06;44.69
"2023";"Total of the year";"Scuol";32.00;774.00;1645.00;89747.00;250306.00;137292.00;55.28;47.46
"2023";"Total of the year";"Celerina/Schlarigna";8.00;402.00;792.00;38576.00;113869.00;68212.00;48.81;41.15
"2023";"Total of the year";"Pontresina";18.00;985.00;2083.00;108170.00;347049.00;200500.00;62.46;51.10
"2023";"Total of the year";"Samedan";7.00;139.00;290.00;21215.00;45084.00;23513.00;47.34;43.53
"2023";"Total of the year";"St. Moritz";30.00;2362.00;4557.00;284041.00;783253.00;437192.00;55.24;51.13
"2023";"Total of the year";"Bregaglia";14.00;260.00;624.00;21795.00;52624.00;29045.00;33.98;25.63
"2023";"Total of the year";"Val M?stair";15.00;222.00;461.00;27129.00;54774.00;33095.00;45.07;35.88
"2023";"Total of the year";"Davos";52.00;3244.00;6377.00;314279.00;810299.00;487518.00;45.39;38.35
"2023";"Total of the year";"Klosters";20.00;526.00;1166.00;52077.00;140162.00;74275.00;43.33;36.65
"2023";"Total of the year";"Chur";16.00;580.00;1027.00;140285.00;212188.00;141482.00;66.90;56.67
"2023";"Total of the year";"Arosa";34.00;1391.00;2760.00;132496.00;403516.00;214500.00;49.03;46.41
"2023";"Total of the year";"Maienfeld";5.00;122.00;238.00;20053.00;32835.00;23870.00;53.98;38.01
"2023";"Total of the year";"Breil/Brigels";11.00;180.00;393.00;15153.00;39119.00;21826.00;37.56;30.59
"2023";"Total of the year";"Tujetsch";9.00;149.00;431.00;17191.00;49968.00;22552.00;47.76;35.79
"2023";"Total of the year";"Aarau";4.00;134.00;155.00;21122.00;33663.00;26140.00;53.82;60.01
"2023";"Total of the year";"Baden";9.00;458.00;749.00;58924.00;128786.00;102577.00;61.36;47.11
"2023";"Total of the year";"Lenzburg";3.00;113.00;189.00;16316.00;28176.00;23496.00;57.24;41.08
"2023";"Total of the year";"Rheinfelden";3.00;64.00;107.00;9189.00;23390.00;13166.00;56.23;59.98
"2023";"Total of the year";"Zofingen";4.00;106.00;167.00;10118.00;18838.00;15129.00;38.92;30.97
"2023";"Total of the year";"Arbon";6.00;130.00;261.00;22520.00;34873.00;22227.00;49.32;38.76
"2023";"Total of the year";"Frauenfeld";5.00;167.00;315.00;15454.00;36221.00;29944.00;49.89;32.00
"2023";"Total of the year";"Kreuzlingen";6.00;150.00;294.00;23859.00;44430.00;29806.00;56.17;42.60
"2023";"Total of the year";"Bellinzona";17.00;425.00;862.00;65834.00;99198.00;66389.00;43.37;31.99
"2023";"Total of the year";"Ascona";29.00;1114.00;2126.00;149023.00;420261.00;237446.00;61.40;56.97
"2023";"Total of the year";"Locarno";22.00;753.00;1589.00;127309.00;275214.00;156726.00;59.69;49.86
"2023";"Total of the year";"Muralto";15.00;367.00;711.00;61094.00;130386.00;74592.00;57.16;51.48
"2023";"Total of the year";"Lugano";37.00;1654.00;2971.00;291796.00;561421.00;345649.00;58.33;52.77
"2023";"Total of the year";"Paradiso";9.00;510.00;1107.00;110707.00;193859.00;111899.00;60.16;48.02
"2023";"Total of the year";"Collina d'Oro";5.00;88.00;181.00;6919.00;16168.00;9455.00;29.60;24.75
"2023";"Total of the year";"Monteceneri";4.00;38.00;71.00;2365.00;4535.00;2951.00;21.33;17.53
"2023";"Total of the year";"Chiasso";4.00;126.00;269.00;18234.00;30233.00;19181.00;41.95;30.91
"2023";"Total of the year";"Mendrisio";9.00;200.00;417.00;33564.00;50403.00;34687.00;47.68;33.29
"2023";"Total of the year";"Leysin";4.00;372.00;1006.00;68027.00;194065.00;85862.00;72.93;58.21
"2023";"Total of the year";"Ollon";9.00;454.00;959.00;49459.00;106814.00;58054.00;42.82;37.67
"2023";"Total of the year";"Ormont-Dessus";5.00;200.00;403.00;20639.00;54514.00;33789.00;48.67;39.02
"2023";"Total of the year";"Bullet";4.00;84.00;185.00;11062.00;21974.00;13180.00;46.85;36.55
"2023";"Total of the year";"Lausanne";35.00;2861.00;5008.00;487583.00;930443.00;639434.00;61.56;51.19
"2023";"Total of the year";"Bourg-en-Lavaux";4.00;88.00;161.00;21889.00;33213.00;22495.00;72.15;58.26
"2023";"Total of the year";"Morges";7.00;230.00;502.00;29345.00;67287.00;43557.00;52.13;36.89
"2023";"Total of the year";"Nyon";8.00;335.00;684.00;42530.00;85536.00;63534.00;52.49;34.65
"2023";"Total of the year";"Ch?teau-d'Oex";4.00;95.00;173.00;9729.00;21012.00;14352.00;42.82;34.51
"2023";"Total of the year";"Le Chenit";6.00;137.00;288.00;18124.00;28834.00;20065.00;40.75;28.04
"2023";"Total of the year";"Montreux";18.00;1283.00;2387.00;233331.00;437085.00;257296.00;54.96;50.21
"2023";"Total of the year";"Vevey";11.00;404.00;652.00;52610.00;103719.00;70690.00;48.10;43.73
"2023";"Total of the year";"Blonay - Saint-L?gier";4.00;153.00;301.00;26741.00;42075.00;25410.00;45.98;38.84
"2023";"Total of the year";"Yverdon-les-Bains";5.00;266.00;531.00;45104.00;74201.00;48664.00;50.65;38.70
"2023";"Total of the year";"Brig-Glis";13.00;549.00;1137.00;96889.00;213261.00;135405.00;67.91;51.64
"2023";"Total of the year";"Nendaz";8.00;128.00;256.00;21711.00;39436.00;20396.00;47.03;45.25
"2023";"Total of the year";"Orsi?res";14.00;218.00;555.00;46484.00;59853.00;28831.00;41.01;33.96
"2023";"Total of the year";"Val de Bagnes";21.00;574.00;1156.00;65437.00;173995.00;99501.00;52.89;46.76
"2023";"Total of the year";"Goms";10.00;182.00;361.00;23868.00;50755.00;30650.00;50.51;42.09
"2023";"Total of the year";"Evol?ne";12.00;191.00;396.00;22001.00;38444.00;21249.00;36.72;31.94
"2023";"Total of the year";"Leukerbad";25.00;762.00;1479.00;105865.00;209030.00;113212.00;45.38;43.27
"2023";"Total of the year";"Martigny";7.00;333.00;601.00;59780.00;90792.00;60130.00;49.51;41.45
"2023";"Total of the year";"Champ?ry";11.00;286.00;594.00;34529.00;69499.00;41394.00;42.30;34.70
"2023";"Total of the year";"Saint-Maurice";3.00;90.00;156.00;12496.00;22432.00;17701.00;54.90;40.03
"2023";"Total of the year";"Sierre";5.00;136.00;271.00;18645.00;29984.00;19242.00;39.61;30.88
"2023";"Total of the year";"Anniviers";19.00;468.00;1201.00;58332.00;171902.00;82106.00;57.43;46.66
"2023";"Total of the year";"Crans-Montana";26.00;910.00;2014.00;90992.00;227543.00;128175.00;42.87;34.30
"2023";"Total of the year";"Sion";6.00;329.00;636.00;80123.00;120067.00;83270.00;69.34;51.72
"2023";"Total of the year";"Saas-Fee";27.00;660.00;1435.00;90201.00;251484.00;137335.00;61.47;51.97
"2023";"Total of the year";"Saas-Grund";9.00;198.00;387.00;22170.00;64340.00;36374.00;54.29;49.20
"2023";"Total of the year";"Visp";4.00;132.00;259.00;25087.00;44412.00;31990.00;67.02;47.56
"2023";"Total of the year";"Zermatt";98.00;3312.00;6819.00;686821.00;1632630.00;839128.00;75.37;70.97
"2023";"Total of the year";"La Grande B?roche";4.00;51.00;94.00;7735.00;13201.00;8971.00;48.19;38.48
"2023";"Total of the year";"La Chaux-de-Fonds";7.00;203.00;335.00;17067.00;29221.00;21278.00;29.22;24.32
"2023";"Total of the year";"Neuch?tel";15.00;564.00;1008.00;94045.00;158176.00;113891.00;55.53;43.13
"2023";"Total of the year";"Lat?na";...;...;...;...;...;...;...;...
"2023";"Total of the year";"Gen?ve";86.00;6802.00;11643.00;1025412.00;2252671.00;1614715.00;65.16;53.11
"2023";"Total of the year";"Lancy";3.00;334.00;699.00;54246.00;107751.00;76529.00;62.77;42.23
"2023";"Total of the year";"Meyrin";12.00;1970.00;3147.00;390383.00;667886.00;485126.00;67.48;58.16
"2023";"Total of the year";"Vernier";5.00;749.00;1332.00;105097.00;195324.00;123458.00;46.11;40.78
"2023";"Total of the year";"Del?mont";8.00;215.00;429.00;24085.00;43673.00;33730.00;43.50;28.15
"2023";"Total of the year";"Saignel?gier";6.00;94.00;201.00;14422.00;25232.00;15561.00;48.56;37.09
"2023";"Total of the year";"Porrentruy";9.00;79.00;147.00;8292.00;13293.00;8959.00;32.83;26.03
"2023";"Total of the year";"Clos du Doubs";5.00;48.00;110.00;6883.00;10570.00;5809.00;36.67;28.88
"2023";"Total of the year";"Moutier (JU)";...;...;...;...;...;...;...;...
"2024";"Total of the year";"Kloten";7.50;1432.25;2689.49;346810.00;486772.00;354937.00;67.88;49.58
"2024";"Total of the year";"Opfikon";10.25;2301.84;4550.90;512184.00;800863.00;525560.00;62.54;48.15
"2024";"Total of the year";"D?bendorf";5.00;172.00;273.00;22710.00;43093.00;31560.00;51.05;44.01
"2024";"Total of the year";"Uster";5.00;170.00;310.00;15361.00;46596.00;34602.00;55.61;41.07
"2024";"Total of the year";"Winterthur";18.33;781.49;1486.99;119697.00;221329.00;158437.00;55.94;41.14
"2024";"Total of the year";"Z?rich";126.33;9389.38;18424.81;2196753.00;4045928.00;2544728.00;74.12;60.05
"2024";"Total of the year";"W?denswil";4.00;69.00;122.00;9127.00;15775.00;11133.00;45.52;36.44
"2024";"Total of the year";"Horgen";4.75;148.86;254.47;16049.00;29804.00;22088.00;43.02;33.86
"2024";"Total of the year";"Langenthal";4.00;147.00;286.00;23261.00;35349.00;27771.00;51.83;33.89
"2024";"Total of the year";"Bern";41.17;2877.56;5551.28;637901.00;1100930.00;689711.00;65.66;54.32
"2024";"Total of the year";"K?niz";5.00;65.00;146.00;8131.00;18495.00;13195.00;56.84;35.21
"2024";"Total of the year";"Biel/Bienne";8.00;436.00;832.33;71048.00;116323.00;87474.00;54.93;38.26
"2024";"Total of the year";"Burgdorf";3.92;97.54;232.89;21899.00;32345.00;19442.00;56.91;39.61
"2024";"Total of the year";"Adelboden";17.75;673.14;1402.02;84726.00;203384.00;115550.00;51.62;43.40
"2024";"Total of the year";"Aeschi bei Spiez";4.58;82.43;160.86;17203.00;24732.00;14030.00;47.69;43.06
"2024";"Total of the year";"Kandersteg";13.75;325.85;656.98;65409.00;125652.00;65649.00;58.68;55.24
"2024";"Total of the year";"Reichenbach im Kandertal";8.50;155.65;394.70;20191.00;39238.00;23063.00;43.42;29.13
"2024";"Total of the year";"Beatenberg";11.50;327.28;769.05;63731.00;142409.00;68004.00;59.28;52.70
"2024";"Total of the year";"Brienz (BE)";12.08;293.39;630.22;63483.00;116470.00;58898.00;57.49;52.92
"2024";"Total of the year";"Grindelwald";44.25;1548.37;3447.95;382618.00;826466.00;398855.00;73.77;68.81
"2024";"Total of the year";"Interlaken";29.67;1724.54;3760.02;421727.00;867786.00;452090.00;72.64;64.22
"2024";"Total of the year";"Lauterbrunnen";39.00;1167.42;2529.46;198359.00;500405.00;261454.00;66.53;58.76
"2024";"Total of the year";"Matten bei Interlaken";5.42;187.60;371.34;26586.00;61388.00;34983.00;51.29;45.57
"2024";"Total of the year";"Unterseen";12.50;360.39;816.11;86967.00;191477.00;92907.00;73.31;66.74
"2024";"Total of the year";"Wilderswil";9.50;322.66;668.91;59445.00;124719.00;68763.00;58.99;51.62
"2024";"Total of the year";"Moutier (BE)";3.00;34.00;66.00;1760.00;3176.00;2649.00;22.80;14.10
"2024";"Total of the year";"Diemtigen";4.92;71.63;187.95;4479.00;10192.00;5614.00;27.33;18.41
"2024";"Total of the year";"Spiez";12.58;397.25;722.81;79451.00;147878.00;86475.00;59.78;56.21
"2024";"Total of the year";"Hasliberg";11.50;309.63;699.62;38613.00;88768.00;46433.00;42.78;36.07
"2024";"Total of the year";"Innertkirchen";7.83;143.76;325.27;17296.00;27430.00;16080.00;34.63;26.42
"2024";"Total of the year";"Meiringen";11.25;306.85;726.63;49364.00;84269.00;47040.00;43.75;33.10
"2024";"Total of the year";"Lenk";14.33;411.94;793.69;60229.00;124090.00;72395.00;50.14;44.47
"2024";"Total of the year";"Saanen";25.33;948.99;1917.83;135382.00;339100.00;188352.00;60.16;53.90
"2024";"Total of the year";"Langnau im Emmental";4.00;47.00;92.00;7149.00;10851.00;7757.00;45.77;32.73
"2024";"Total of the year";"Schangnau";4.00;58.00;116.00;11876.00;15526.00;8778.00;45.09;39.82
"2024";"Total of the year";"Sigriswil";8.75;282.77;530.21;50976.00;113031.00;62786.00;63.79;61.28
"2024";"Total of the year";"Thun";15.92;473.97;802.34;102011.00;174100.00;113604.00;66.33;60.09
"2024";"Total of the year";"Herzogenbuchsee";3.00;41.00;75.00;3349.00;5381.00;3771.00;25.58;19.99
"2024";"Total of the year";"Emmen";3.00;250.00;342.00;17240.00;35073.00;28106.00;30.72;28.02
"2024";"Total of the year";"Kriens";4.00;258.00;551.50;78442.00;137113.00;73466.00;77.80;67.93
"2024";"Total of the year";"Luzern";53.75;3236.93;6377.32;791261.00;1412735.00;808626.00;68.73;60.89
"2024";"Total of the year";"Meggen";3.00;34.00;68.00;8971.00;15751.00;8095.00;71.97;70.02
"2024";"Total of the year";"Vitznau";7.92;296.23;637.93;42246.00;89562.00;50794.00;47.52;38.84
"2024";"Total of the year";"Weggis";19.83;740.13;1365.51;93514.00;200213.00;124963.00;46.96;40.82
"2024";"Total of the year";"Sursee";5.00;139.00;240.00;30262.00;45337.00;30846.00;61.28;52.21
"2024";"Total of the year";"Andermatt";12.33;475.63;1070.60;66728.00;141591.00;72775.00;43.94;38.15
"2024";"Total of the year";"Gurtnellen";4.75;41.01;128.03;7284.00;7910.00;3937.00;27.26;17.40
"2024";"Total of the year";"Einsiedeln";7.58;208.84;461.03;34499.00;59757.00;38475.00;50.47;35.49
"2024";"Total of the year";"Feusisberg";5.00;216.00;421.00;34271.00;59848.00;43074.00;55.40;39.32
"2024";"Total of the year";"Freienbach";5.00;212.00;350.00;32808.00;56594.00;39776.00;51.26;44.18
"2024";"Total of the year";"K?ssnacht (SZ)";6.67;148.75;276.25;23451.00;40918.00;28581.00;53.09;40.92
"2024";"Total of the year";"Ingenbohl";5.92;216.26;404.33;36869.00;58658.00;37409.00;47.68;40.02
"2024";"Total of the year";"Morschach";8.00;461.05;1276.29;121559.00;272628.00;109892.00;65.76;58.87
"2024";"Total of the year";"Schwyz";9.17;131.67;310.55;13486.00;21107.00;12162.00;27.12;20.52
"2024";"Total of the year";"Engelberg";25.33;945.64;1964.69;152101.00;328506.00;171006.00;51.57;47.68
"2024";"Total of the year";"Sachseln";9.08;262.29;486.96;34506.00;66463.00;41388.00;44.28;38.33
"2024";"Total of the year";"Sarnen";7.42;202.49;350.97;25581.00;54880.00;38741.00;52.65;43.07
"2024";"Total of the year";"Beckenried";6.00;105.01;270.36;25003.00;42020.00;22778.00;60.24;43.19
"2024";"Total of the year";"Emmetten";4.83;161.69;356.13;23976.00;40417.00;23790.00;41.98;32.80
"2024";"Total of the year";"Glarus Nord";11.08;304.07;702.12;35901.00;76054.00;43640.00;39.68;30.02
"2024";"Total of the year";"Glarus S?d";19.92;265.82;616.09;28436.00;60499.00;29799.00;34.28;30.09
"2024";"Total of the year";"Unter?geri";4.00;108.00;188.00;13348.00;23900.00;16486.00;41.76;34.78
"2024";"Total of the year";"Zug";9.33;434.96;763.61;42935.00;113242.00;90472.00;57.33;40.82
"2024";"Total of the year";"Haut-Intyamon";3.50;32.51;69.03;2669.00;4248.00;2686.00;24.35;18.12
"2024";"Total of the year";"Bulle";5.00;241.56;462.43;47451.00;76731.00;53602.00;60.80;45.47
"2024";"Total of the year";"Gruy?res";5.75;91.77;240.84;20956.00;28333.00;14756.00;45.02;33.38
"2024";"Total of the year";"Fribourg";6.83;258.83;508.83;46596.00;70473.00;54540.00;58.17;38.21
"2024";"Total of the year";"Murten";8.25;143.47;250.27;19289.00;29664.00;21676.00;43.63;34.28
"2024";"Total of the year";"Plaffeien";4.00;99.00;255.00;15263.00;27558.00;14709.00;40.83;29.66
"2024";"Total of the year";"Egerkingen";4.00;217.00;392.00;51535.00;75921.00;49409.00;62.21;52.92
"2024";"Total of the year";"Grenchen";4.17;79.33;166.67;9284.00;17707.00;13134.00;45.23;29.03
"2024";"Total of the year";"Olten";7.58;282.53;509.33;45695.00;74237.00;56377.00;55.02;40.13
"2024";"Total of the year";"Solothurn";9.17;300.98;582.31;60038.00;97634.00;68998.00;63.09;46.15
"2024";"Total of the year";"Basel";57.75;4573.26;9072.46;850259.00;1543941.00;1013524.00;61.03;46.84
"2024";"Total of the year";"Liestal";5.00;162.00;297.00;15733.00;25575.00;19671.00;34.10;24.21
"2024";"Total of the year";"Pratteln";5.00;286.00;645.00;56658.00;90016.00;61578.00;59.12;38.26
"2024";"Total of the year";"Schaffhausen";12.00;398.00;761.00;69005.00;111361.00;77734.00;53.75;40.22
"2024";"Total of the year";"Hundwil";4.00;79.00;187.00;18163.00;23848.00;14646.00;51.66;35.44
"2024";"Total of the year";"Gais";4.75;182.74;270.99;8213.00;11530.00;9339.00;13.96;11.63
"2024";"Total of the year";"Teufen (AR)";4.00;42.50;76.01;4983.00;8857.00;6152.00;40.44;32.52
"2024";"Total of the year";"Heiden";4.17;94.66;183.31;14369.00;29193.00;17949.00;52.94;44.40
"2024";"Total of the year";"Appenzell";10.00;204.99;438.27;30559.00;49013.00;29494.00;44.44;34.74
"2024";"Total of the year";"Gonten";5.00;70.00;150.00;10076.00;23532.00;16392.00;66.70;45.27
"2024";"Total of the year";"St. Gallen";22.42;1103.66;2064.10;162123.00;304036.00;215852.00;53.73;40.43
"2024";"Total of the year";"Rorschacherberg";3.00;104.00;188.00;18714.00;29073.00;19371.00;52.16;43.25
"2024";"Total of the year";"Altst?tten";4.75;94.48;180.94;5834.00;11259.00;8859.00;26.30;17.53
"2024";"Total of the year";"Buchs (SG)";6.00;165.00;295.00;17852.00;32716.00;24021.00;39.78;30.30
"2024";"Total of the year";"Bad Ragaz";11.75;489.27;995.57;60010.00;147321.00;93358.00;53.33;41.64
"2024";"Total of the year";"Flums";5.50;97.88;196.60;10541.00;21295.00;12072.00;37.48;32.78
"2024";"Total of the year";"Quarten";9.25;211.49;514.79;30627.00;61001.00;31186.00;42.27;33.98
"2024";"Total of the year";"Walenstadt";3.83;60.21;117.61;7239.00;11705.00;7513.00;36.94;29.71
"2024";"Total of the year";"Amden";7.08;98.92;217.84;11163.00;20354.00;11422.00;37.76;30.34
"2024";"Total of the year";"Rapperswil-Jona";6.00;195.00;364.00;23240.00;41636.00;37187.00;53.29;31.94
"2024";"Total of the year";"Eschenbach (SG)";3.25;18.33;34.65;1233.00;1949.00;1241.00;20.10;16.60
"2024";"Total of the year";"Wildhaus-Alt St. Johann";18.58;446.20;996.26;43273.00;93468.00;56603.00;37.41;27.85
"2024";"Total of the year";"Neckertal";7.92;121.67;224.42;7738.00;19971.00;12323.00;31.08;27.83
"2024";"Total of the year";"Uzwil";7.00;151.01;261.20;11731.00;38835.00;30074.00;54.41;40.62
"2024";"Total of the year";"Wil (SG)";4.58;126.17;240.33;20955.00;34450.00;25592.00;55.53;39.23
"2024";"Total of the year";"Vaz/Obervaz";14.75;788.63;1718.16;104372.00;263555.00;134175.00;49.40;44.45
"2024";"Total of the year";"Surses";14.08;319.05;743.75;32186.00;69864.00;36980.00;33.99;27.67
"2024";"Total of the year";"Poschiavo";20.08;272.21;574.09;38464.00;71680.00;42237.00;42.39;34.11
"2024";"Total of the year";"Laax";7.25;611.70;1984.25;61425.00;254402.00;108624.00;50.71;36.51
"2024";"Total of the year";"Vals";11.17;237.78;484.05;33087.00;65426.00;37218.00;44.42;38.46
"2024";"Total of the year";"Lumnezia";7.83;56.95;131.95;5306.00;12150.00;6487.00;35.24;28.52
"2024";"Total of the year";"Ilanz/Glion";4.67;100.92;175.33;13060.00;22667.00;17322.00;47.90;36.40
"2024";"Total of the year";"Rheinwald";6.00;85.53;186.66;11049.00;19189.00;11801.00;38.79;28.98
"2024";"Total of the year";"Flims";16.67;637.72;1367.65;66983.00;194020.00;109202.00;53.37;44.08
"2024";"Total of the year";"Zernez";10.83;290.95;600.82;35556.00;69849.00;40415.00;40.28;33.73
"2024";"Total of the year";"Samnaun";23.67;514.13;1079.65;47356.00;157719.00;86259.00;52.84;46.04
"2024";"Total of the year";"Scuol";31.75;863.46;1829.00;91825.00;260041.00;141656.00;48.91;42.37
"2024";"Total of the year";"Celerina/Schlarigna";7.17;394.36;777.83;42449.00;119055.00;70781.00;49.07;41.86
"2024";"Total of the year";"Pontresina";18.67;964.19;2008.95;119372.00;381487.00;209997.00;65.02;56.78
"2024";"Total of the year";"Samedan";7.42;151.10;324.19;20191.00;42880.00;24739.00;46.22;37.36
"2024";"Total of the year";"St. Moritz";30.33;2232.97;4243.27;294744.00;768053.00;427341.00;56.88;53.72
"2024";"Total of the year";"Bregaglia";13.33;263.89;592.09;22307.00;54029.00;29392.00;32.98;26.85
"2024";"Total of the year";"Val M?stair";14.25;208.56;438.15;24250.00;54202.00;32471.00;46.45;37.08
"2024";"Total of the year";"Davos";47.08;3042.84;6016.50;323506.00;820728.00;496142.00;48.63;40.70
"2024";"Total of the year";"Klosters";20.00;547.76;1202.58;54426.00;150865.00;80040.00;43.50;37.22
"2024";"Total of the year";"Chur";16.33;559.67;1073.76;152499.00;231708.00;150198.00;73.33;58.97
"2024";"Total of the year";"Arosa";34.58;1374.22;2746.37;136999.00;430599.00;224303.00;50.43;48.30
"2024";"Total of the year";"Maienfeld";5.00;124.00;242.00;21767.00;38078.00;24694.00;54.95;43.40
"2024";"Total of the year";"Breil/Brigels";9.92;170.18;377.03;13790.00;36727.00;20112.00;37.38;30.69
"2024";"Total of the year";"Tujetsch";8.67;145.93;419.59;16539.00;49058.00;22608.00;46.78;34.60
"2024";"Total of the year";"Aarau";4.00;134.00;222.00;19753.00;31404.00;24291.00;49.90;38.89
"2024";"Total of the year";"Baden";9.00;461.00;765.00;59504.00;124580.00;97574.00;57.83;44.49
"2024";"Total of the year";"Lenzburg";3.00;113.00;189.00;16692.00;29879.00;24651.00;60.35;43.70
"2024";"Total of the year";"Rheinfelden";3.75;75.75;124.50;10611.00;25136.00;15194.00;54.80;55.16
"2024";"Total of the year";"Zofingen";3.00;97.00;160.00;10876.00;23348.00;17809.00;50.68;40.28
"2024";"Total of the year";"Arbon";6.50;159.50;322.00;28327.00;42836.00;29087.00;50.33;36.72
"2024";"Total of the year";"Frauenfeld";5.00;167.00;320.00;13895.00;31924.00;26618.00;44.10;27.60
"2024";"Total of the year";"Kreuzlingen";6.00;150.00;295.00;23229.00;41629.00;28240.00;52.62;39.48
"2024";"Total of the year";"Bellinzona";16.67;412.84;852.20;61680.00;89486.00;61091.00;40.88;29.01
"2024";"Total of the year";"Ascona";30.42;1154.25;2322.26;149957.00;421254.00;231782.00;57.79;52.40
"2024";"Total of the year";"Locarno";22.00;772.44;1615.11;130766.00;275713.00;161256.00;59.10;48.37
"2024";"Total of the year";"Muralto";15.25;381.49;744.07;66048.00;136229.00;79739.00;58.78;51.50
"2024";"Total of the year";"Lugano";38.83;1649.25;2956.58;292195.00;549241.00;337391.00;56.72;51.53
"2024";"Total of the year";"Paradiso";9.00;518.00;1123.00;111734.00;192741.00;112355.00;59.26;46.89
"2024";"Total of the year";"Collina d'Oro";3.92;82.07;167.80;4121.00;10580.00;6104.00;20.37;17.28
"2024";"Total of the year";"Monteceneri";3.92;37.60;70.13;1821.00;2913.00;1870.00;13.73;11.46
"2024";"Total of the year";"Chiasso";3.75;121.77;263.28;19207.00;29938.00;18537.00;41.61;31.08
"2024";"Total of the year";"Mendrisio";8.67;198.09;413.45;33820.00;49920.00;34805.00;48.17;33.10
"2024";"Total of the year";"Leysin";4.75;435.53;1406.42;67481.00;185262.00;81827.00;61.78;40.14
"2024";"Total of the year";"Ollon";8.17;424.42;898.82;46190.00;104836.00;59035.00;39.37;32.87
"2024";"Total of the year";"Ormont-Dessus";4.75;203.40;408.79;18838.00;51634.00;31697.00;45.20;36.59
"2024";"Total of the year";"Bullet";4.42;87.03;192.28;9951.00;20425.00;12542.00;41.95;31.97
"2024";"Total of the year";"Lausanne";34.00;3145.00;5770.00;495118.00;971781.00;671328.00;59.04;46.49
"2024";"Total of the year";"Bourg-en-Lavaux";4.00;88.00;161.00;20090.00;31790.00;22089.00;70.39;55.40
"2024";"Total of the year";"Morges";6.92;228.56;499.46;32246.00;64932.00;43656.00;52.80;35.92
"2024";"Total of the year";"Nyon";7.92;332.54;692.34;42228.00;82498.00;64272.00;53.45;32.94
"2024";"Total of the year";"Ch?teau-d'Oex";3.92;92.84;169.26;10024.00;21514.00;14869.00;44.36;35.30
"2024";"Total of the year";"Le Chenit";6.00;137.00;288.00;17144.00;26669.00;18665.00;38.41;26.15
"2024";"Total of the year";"Montreux";18.58;1309.12;2434.35;237150.00;446412.00;262569.00;55.15;50.42
"2024";"Total of the year";"Vevey";11.00;403.67;653.50;52262.00;103668.00;71842.00;48.86;43.59
"2024";"Total of the year";"Blonay - Saint-L?gier";4.00;154.00;312.00;26487.00;39405.00;24213.00;43.31;34.79
"2024";"Total of the year";"Yverdon-les-Bains";6.00;302.00;603.00;42128.00;67259.00;46607.00;42.62;30.83
"2024";"Total of the year";"Brig-Glis";13.42;517.94;1115.21;94778.00;200751.00;125560.00;66.51;49.35
"2024";"Total of the year";"Nendaz";6.42;118.04;233.07;21604.00;39434.00;21064.00;52.29;49.45
"2024";"Total of the year";"Orsi?res";13.92;222.95;561.80;49849.00;63863.00;31279.00;42.18;34.11
"2024";"Total of the year";"Val de Bagnes";20.75;547.61;1189.50;63591.00;166817.00;91698.00;51.70;43.39
"2024";"Total of the year";"Goms";10.83;188.25;374.18;23685.00;52669.00;31105.00;49.75;42.26
"2024";"Total of the year";"Evol?ne";10.75;170.92;359.43;21899.00;39143.00;21014.00;39.76;35.05
"2024";"Total of the year";"Leukerbad";25.25;760.87;1480.78;103319.00;205990.00;110845.00;43.48;41.71
"2024";"Total of the year";"Martigny";7.17;337.78;608.80;61408.00;94716.00;65615.00;53.79;43.07
"2024";"Total of the year";"Champ?ry";11.42;328.56;672.71;30967.00;70319.00;43030.00;37.19;30.03
"2024";"Total of the year";"Saint-Maurice";3.00;90.00;156.00;10803.00;20359.00;17135.00;52.90;36.18
"2024";"Total of the year";"Sierre";4.50;131.97;260.93;13032.00;25218.00;17107.00;35.42;26.41
"2024";"Total of the year";"Anniviers";20.58;465.10;1171.85;58528.00;170739.00;80894.00;54.56;45.36
"2024";"Total of the year";"Crans-Montana";23.92;860.66;1910.93;85219.00;206972.00;117874.00;41.97;33.19
"2024";"Total of the year";"Sion";5.83;322.50;625.17;76769.00;115054.00;79610.00;67.83;50.55
"2024";"Total of the year";"Saas-Fee";25.42;642.58;1405.45;82955.00;236162.00;127060.00;58.01;49.39
"2024";"Total of the year";"Saas-Grund";9.17;199.34;421.18;19123.00;55321.00;31867.00;51.35;42.22
"2024";"Total of the year";"Visp";4.00;132.00;259.00;26236.00;46101.00;34717.00;72.50;49.16
"2024";"Total of the year";"Zermatt";97.25;3288.25;6803.53;680112.00;1640200.00;820364.00;74.54;71.83
"2024";"Total of the year";"La Grande B?roche";4.00;51.00;95.00;6728.00;11944.00;8474.00;45.40;34.35
"2024";"Total of the year";"La Chaux-de-Fonds";7.00;217.09;377.30;19149.00;31897.00;23733.00;30.29;23.44
"2024";"Total of the year";"Neuch?tel";15.00;565.00;1004.00;90650.00;154511.00;109326.00;53.27;42.34
"2024";"Total of the year";"Lat?na";...;...;...;...;...;...;...;...
"2024";"Total of the year";"Gen?ve";88.58;7015.90;12380.30;1092146.00;2339075.00;1652544.00;64.64;51.83
"2024";"Total of the year";"Lancy";3.00;334.00;699.00;60717.00;110498.00;75199.00;61.52;43.19
"2024";"Total of the year";"Meyrin";12.00;1970.00;3147.00;432831.00;701707.00;511986.00;71.02;60.93
"2024";"Total of the year";"Vernier";6.00;998.00;1670.00;150646.00;315474.00;206491.00;56.53;51.61
"2024";"Total of the year";"Del?mont";9.00;222.00;439.00;23429.00;41028.00;34671.00;43.19;25.86
"2024";"Total of the year";"Saignel?gier";6.67;95.66;206.73;14121.00;22025.00;13736.00;42.46;31.78
"2024";"Total of the year";"Porrentruy";10.00;87.00;169.00;9023.00;14801.00;9849.00;32.27;24.87
"2024";"Total of the year";"Clos du Doubs";5.67;55.47;125.31;8650.00;13236.00;6934.00;36.36;30.73
"2024";"Total of the year";"Moutier (JU)";...;...;...;...;...;...;...;...
